date,country,inflation_yoy
2000-01-01,at,1.4
2000-02-01,at,1.9
2000-03-01,at,1.9
2000-04-01,at,1.8
2000-05-01,at,1.6
2000-06-01,at,2.4
2000-07-01,at,1.9
2000-08-01,at,1.9
2000-09-01,at,2.3
2000-10-01,at,2.2
2000-11-01,at,2.3
2000-12-01,at,1.8
2001-01-01,at,2.3
2001-02-01,at,1.8
2001-03-01,at,1.9
2001-04-01,at,2.6
2001-05-01,at,2.9
2001-06-01,at,2.6
2001-07-01,at,2.8
2001-08-01,at,2.4
2001-09-01,at,2.4
2001-10-01,at,2.3
2001-11-01,at,1.9
2001-12-01,at,1.8
2002-01-01,at,1.9
2002-02-01,at,1.7
2002-03-01,at,1.7
2002-04-01,at,1.7
2002-05-01,at,1.6
2002-06-01,at,1.5
2002-07-01,at,1.5
2002-08-01,at,2.0
2002-09-01,at,1.6
2002-10-01,at,1.6
2002-11-01,at,1.7
2002-12-01,at,1.7
2003-01-01,at,1.7
2003-02-01,at,1.7
2003-03-01,at,1.8
2003-04-01,at,1.3
2003-05-01,at,1.0
2003-06-01,at,1.0
2003-07-01,at,1.0
2003-08-01,at,1.0
2003-09-01,at,1.3
2003-10-01,at,1.1
2003-11-01,at,1.3
2003-12-01,at,1.3
2004-01-01,at,1.2
2004-02-01,at,1.5
2004-03-01,at,1.6
2004-04-01,at,1.6
2004-05-01,at,2.1
2004-06-01,at,2.3
2004-07-01,at,2.1
2004-08-01,at,2.2
2004-09-01,at,1.8
2004-10-01,at,2.3
2004-11-01,at,2.3
2004-12-01,at,2.5
2005-01-01,at,2.4
2005-02-01,at,2.3
2005-03-01,at,2.4
2005-04-01,at,2.3
2005-05-01,at,1.9
2005-06-01,at,2.0
2005-07-01,at,2.1
2005-08-01,at,1.9
2005-09-01,at,2.5
2005-10-01,at,2.1
2005-11-01,at,1.7
2005-12-01,at,1.5
2006-01-01,at,1.5
2006-02-01,at,1.5
2006-03-01,at,1.3
2006-04-01,at,2.1
2006-05-01,at,2.1
2006-06-01,at,1.9
2006-07-01,at,1.9
2006-08-01,at,2.1
2006-09-01,at,1.4
2006-10-01,at,1.2
2006-11-01,at,1.5
2006-12-01,at,1.6
2007-01-01,at,1.7
2007-02-01,at,1.7
2007-03-01,at,1.9
2007-04-01,at,1.8
2007-05-01,at,1.9
2007-06-01,at,1.9
2007-07-01,at,2.0
2007-08-01,at,1.7
2007-09-01,at,2.1
2007-10-01,at,2.9
2007-11-01,at,3.2
2007-12-01,at,3.5
2008-01-01,at,3.1
2008-02-01,at,3.1
2008-03-01,at,3.5
2008-04-01,at,3.4
2008-05-01,at,3.8
2008-06-01,at,4.0
2008-07-01,at,3.8
2008-08-01,at,3.6
2008-09-01,at,3.7
2008-10-01,at,3.0
2008-11-01,at,2.3
2008-12-01,at,1.5
2009-01-01,at,1.2
2009-02-01,at,1.3
2009-03-01,at,0.6
2009-04-01,at,0.5
2009-05-01,at,0.1
2009-06-01,at,-0.3
2009-07-01,at,-0.4
2009-08-01,at,0.2
2009-09-01,at,0.0
2009-10-01,at,0.1
2009-11-01,at,0.6
2009-12-01,at,1.1
2010-01-01,at,1.2
2010-02-01,at,0.9
2010-03-01,at,1.8
2010-04-01,at,1.8
2010-05-01,at,1.7
2010-06-01,at,1.8
2010-07-01,at,1.7
2010-08-01,at,1.6
2010-09-01,at,1.7
2010-10-01,at,2.0
2010-11-01,at,1.8
2010-12-01,at,2.2
2011-01-01,at,2.5
2011-02-01,at,3.2
2011-03-01,at,3.3
2011-04-01,at,3.7
2011-05-01,at,3.7
2011-06-01,at,3.7
2011-07-01,at,3.8
2011-08-01,at,3.7
2011-09-01,at,3.9
2011-10-01,at,3.8
2011-11-01,at,3.8
2011-12-01,at,3.4
2012-01-01,at,2.9
2012-02-01,at,2.6
2012-03-01,at,2.6
2012-04-01,at,2.3
2012-05-01,at,2.2
2012-06-01,at,2.2
2012-07-01,at,2.1
2012-08-01,at,2.3
2012-09-01,at,2.8
2012-10-01,at,2.9
2012-11-01,at,2.9
2012-12-01,at,2.9
2013-01-01,at,2.8
2013-02-01,at,2.6
2013-03-01,at,2.4
2013-04-01,at,2.1
2013-05-01,at,2.4
2013-06-01,at,2.2
2013-07-01,at,2.1
2013-08-01,at,2.0
2013-09-01,at,1.8
2013-10-01,at,1.5
2013-11-01,at,1.5
2013-12-01,at,2.0
2014-01-01,at,1.5
2014-02-01,at,1.5
2014-03-01,at,1.5
2014-04-01,at,1.6
2014-05-01,at,1.5
2014-06-01,at,1.7
2014-07-01,at,1.7
2014-08-01,at,1.5
2014-09-01,at,1.4
2014-10-01,at,1.4
2014-11-01,at,1.5
2014-12-01,at,0.8
2015-01-01,at,0.5
2015-02-01,at,0.5
2015-03-01,at,0.9
2015-04-01,at,0.9
2015-05-01,at,1.0
2015-06-01,at,1.0
2015-07-01,at,1.1
2015-08-01,at,1.0
2015-09-01,at,0.6
2015-10-01,at,0.7
2015-11-01,at,0.5
2015-12-01,at,1.1
2016-01-01,at,1.4
2016-02-01,at,1.0
2016-03-01,at,0.7
2016-04-01,at,0.6
2016-05-01,at,0.6
2016-06-01,at,0.6
2016-07-01,at,0.6
2016-08-01,at,0.6
2016-09-01,at,1.1
2016-10-01,at,1.4
2016-11-01,at,1.5
2016-12-01,at,1.6
2017-01-01,at,2.1
2017-02-01,at,2.4
2017-03-01,at,2.1
2017-04-01,at,2.3
2017-05-01,at,2.1
2017-06-01,at,2.0
2017-07-01,at,2.0
2017-08-01,at,2.1
2017-09-01,at,2.5
2017-10-01,at,2.4
2017-11-01,at,2.4
2017-12-01,at,2.3
2018-01-01,at,1.9
2018-02-01,at,1.9
2018-03-01,at,2.0
2018-04-01,at,2.0
2018-05-01,at,2.1
2018-06-01,at,2.3
2018-07-01,at,2.3
2018-08-01,at,2.3
2018-09-01,at,2.1
2018-10-01,at,2.4
2018-11-01,at,2.3
2018-12-01,at,1.7
2019-01-01,at,1.7
2019-02-01,at,1.4
2019-03-01,at,1.7
2019-04-01,at,1.7
2019-05-01,at,1.7
2019-06-01,at,1.6
2019-07-01,at,1.4
2019-08-01,at,1.5
2019-09-01,at,1.2
2019-10-01,at,1.0
2019-11-01,at,1.2
2019-12-01,at,1.8
2020-01-01,at,2.2
2020-02-01,at,2.2
2020-03-01,at,1.6
2020-04-01,at,1.5
2020-05-01,at,0.6
2020-06-01,at,1.1
2020-07-01,at,1.8
2020-08-01,at,1.4
2020-09-01,at,1.2
2020-10-01,at,1.1
2020-11-01,at,1.1
2020-12-01,at,1.0
2021-01-01,at,1.1
2021-02-01,at,1.4
2021-03-01,at,2.0
2021-04-01,at,1.9
2021-05-01,at,3.0
2021-06-01,at,2.8
2021-07-01,at,2.8
2021-08-01,at,3.2
2021-09-01,at,3.3
2021-10-01,at,3.8
2021-11-01,at,4.1
2021-12-01,at,3.8
2022-01-01,at,4.5
2022-02-01,at,5.5
2022-03-01,at,6.6
2022-04-01,at,7.1
2022-05-01,at,7.7
2022-06-01,at,8.7
2022-07-01,at,9.4
2022-08-01,at,9.3
2022-09-01,at,11.0
2022-10-01,at,11.6
2022-11-01,at,11.2
2022-12-01,at,10.5
2023-01-01,at,11.6
2023-02-01,at,11.0
2023-03-01,at,9.2
2023-04-01,at,9.4
2023-05-01,at,8.7
2023-06-01,at,7.8
2023-07-01,at,7.0
2023-08-01,at,7.5
2023-09-01,at,5.8
2023-10-01,at,4.9
2023-11-01,at,4.9
2023-12-01,at,5.7
2024-01-01,at,4.3
2024-02-01,at,4.0
2024-03-01,at,4.1
2024-04-01,at,3.4
2024-05-01,at,3.3
2024-06-01,at,3.1
2024-07-01,at,2.9
2024-08-01,at,2.4
2024-09-01,at,1.8
2024-10-01,at,1.8
2024-11-01,at,1.9
2024-12-01,at,2.1
2025-01-01,at,3.4
2025-02-01,at,3.4
2025-03-01,at,3.1
2025-04-01,at,3.3
2025-05-01,at,3.0
2025-06-01,at,3.2
2025-07-01,at,3.7
2025-08-01,at,4.1
2025-09-01,at,3.9
2025-10-01,at,4.0
2025-11-01,at,4.0
2025-12-01,at,3.8
2000-01-01,be,0.3
2000-02-01,be,2.1
2000-03-01,be,2.5
2000-04-01,be,2.3
2000-05-01,be,2.4
2000-06-01,be,3.0
2000-07-01,be,1.7
2000-08-01,be,3.5
2000-09-01,be,4.0
2000-10-01,be,3.7
2000-11-01,be,3.7
2000-12-01,be,3.0
2001-01-01,be,2.7
2001-02-01,be,2.5
2001-03-01,be,2.2
2001-04-01,be,2.9
2001-05-01,be,3.2
2001-06-01,be,3.0
2001-07-01,be,2.7
2001-08-01,be,2.5
2001-09-01,be,1.9
2001-10-01,be,2.0
2001-11-01,be,1.8
2001-12-01,be,1.9
2002-01-01,be,2.6
2002-02-01,be,2.5
2002-03-01,be,2.5
2002-04-01,be,1.7
2002-05-01,be,1.3
2002-06-01,be,0.8
2002-07-01,be,1.2
2002-08-01,be,1.2
2002-09-01,be,1.2
2002-10-01,be,1.2
2002-11-01,be,1.1
2002-12-01,be,1.3
2003-01-01,be,1.2
2003-02-01,be,1.7
2003-03-01,be,1.7
2003-04-01,be,1.5
2003-05-01,be,0.9
2003-06-01,be,1.5
2003-07-01,be,1.4
2003-08-01,be,1.7
2003-09-01,be,1.7
2003-10-01,be,1.5
2003-11-01,be,1.8
2003-12-01,be,1.6
2004-01-01,be,1.4
2004-02-01,be,1.1
2004-03-01,be,0.9
2004-04-01,be,1.7
2004-05-01,be,2.4
2004-06-01,be,2.0
2004-07-01,be,2.0
2004-08-01,be,2.0
2004-09-01,be,1.8
2004-10-01,be,2.6
2004-11-01,be,2.3
2004-12-01,be,2.0
2005-01-01,be,2.0
2005-02-01,be,2.3
2005-03-01,be,2.8
2005-04-01,be,2.5
2005-05-01,be,2.3
2005-06-01,be,2.7
2005-07-01,be,2.7
2005-08-01,be,2.9
2005-09-01,be,2.9
2005-10-01,be,2.3
2005-11-01,be,2.4
2005-12-01,be,2.8
2006-01-01,be,2.7
2006-02-01,be,2.9
2006-03-01,be,2.1
2006-04-01,be,2.5
2006-05-01,be,2.8
2006-06-01,be,2.5
2006-07-01,be,2.4
2006-08-01,be,2.3
2006-09-01,be,1.9
2006-10-01,be,1.7
2006-11-01,be,2.0
2006-12-01,be,2.1
2007-01-01,be,1.7
2007-02-01,be,1.8
2007-03-01,be,1.8
2007-04-01,be,1.8
2007-05-01,be,1.3
2007-06-01,be,1.3
2007-07-01,be,1.3
2007-08-01,be,1.1
2007-09-01,be,1.4
2007-10-01,be,2.2
2007-11-01,be,2.9
2007-12-01,be,3.1
2008-01-01,be,3.5
2008-02-01,be,3.6
2008-03-01,be,4.4
2008-04-01,be,4.1
2008-05-01,be,5.1
2008-06-01,be,5.8
2008-07-01,be,5.9
2008-08-01,be,5.4
2008-09-01,be,5.5
2008-10-01,be,4.8
2008-11-01,be,3.2
2008-12-01,be,2.7
2009-01-01,be,2.1
2009-02-01,be,1.9
2009-03-01,be,0.6
2009-04-01,be,0.7
2009-05-01,be,-0.2
2009-06-01,be,-1.1
2009-07-01,be,-1.7
2009-08-01,be,-0.7
2009-09-01,be,-1.0
2009-10-01,be,-0.9
2009-11-01,be,0.0
2009-12-01,be,0.3
2010-01-01,be,0.8
2010-02-01,be,0.8
2010-03-01,be,1.9
2010-04-01,be,2.0
2010-05-01,be,2.5
2010-06-01,be,2.7
2010-07-01,be,2.4
2010-08-01,be,2.4
2010-09-01,be,2.9
2010-10-01,be,3.1
2010-11-01,be,3.0
2010-12-01,be,3.4
2011-01-01,be,3.5
2011-02-01,be,3.5
2011-03-01,be,3.3
2011-04-01,be,3.1
2011-05-01,be,2.9
2011-06-01,be,3.3
2011-07-01,be,4.0
2011-08-01,be,3.4
2011-09-01,be,3.2
2011-10-01,be,3.2
2011-11-01,be,3.5
2011-12-01,be,3.2
2012-01-01,be,3.3
2012-02-01,be,3.4
2012-03-01,be,3.1
2012-04-01,be,2.9
2012-05-01,be,2.6
2012-06-01,be,2.2
2012-07-01,be,2.0
2012-08-01,be,2.6
2012-09-01,be,2.6
2012-10-01,be,2.7
2012-11-01,be,2.2
2012-12-01,be,2.1
2013-01-01,be,1.5
2013-02-01,be,1.5
2013-03-01,be,1.4
2013-04-01,be,1.2
2013-05-01,be,1.2
2013-06-01,be,1.6
2013-07-01,be,1.6
2013-08-01,be,1.1
2013-09-01,be,1.0
2013-10-01,be,0.7
2013-11-01,be,0.9
2013-12-01,be,1.2
2014-01-01,be,1.1
2014-02-01,be,0.8
2014-03-01,be,0.8
2014-04-01,be,0.8
2014-05-01,be,0.7
2014-06-01,be,0.6
2014-07-01,be,0.5
2014-08-01,be,0.4
2014-09-01,be,0.2
2014-10-01,be,0.3
2014-11-01,be,0.1
2014-12-01,be,-0.4
2015-01-01,be,-0.6
2015-02-01,be,-0.4
2015-03-01,be,-0.1
2015-04-01,be,0.4
2015-05-01,be,0.8
2015-06-01,be,0.9
2015-07-01,be,0.9
2015-08-01,be,0.8
2015-09-01,be,0.9
2015-10-01,be,1.2
2015-11-01,be,1.4
2015-12-01,be,1.5
2016-01-01,be,1.8
2016-02-01,be,1.1
2016-03-01,be,1.6
2016-04-01,be,1.5
2016-05-01,be,1.6
2016-06-01,be,1.8
2016-07-01,be,2.0
2016-08-01,be,2.0
2016-09-01,be,1.8
2016-10-01,be,1.9
2016-11-01,be,1.7
2016-12-01,be,2.2
2017-01-01,be,3.1
2017-02-01,be,3.3
2017-03-01,be,2.5
2017-04-01,be,2.7
2017-05-01,be,1.9
2017-06-01,be,1.5
2017-07-01,be,1.8
2017-08-01,be,2.0
2017-09-01,be,2.0
2017-10-01,be,1.8
2017-11-01,be,2.1
2017-12-01,be,2.1
2018-01-01,be,1.8
2018-02-01,be,1.5
2018-03-01,be,1.5
2018-04-01,be,1.6
2018-05-01,be,2.3
2018-06-01,be,2.6
2018-07-01,be,2.7
2018-08-01,be,2.6
2018-09-01,be,2.8
2018-10-01,be,3.2
2018-11-01,be,2.9
2018-12-01,be,2.2
2019-01-01,be,1.8
2019-02-01,be,2.0
2019-03-01,be,2.2
2019-04-01,be,2.0
2019-05-01,be,1.7
2019-06-01,be,1.3
2019-07-01,be,1.2
2019-08-01,be,0.9
2019-09-01,be,0.6
2019-10-01,be,0.2
2019-11-01,be,0.4
2019-12-01,be,0.9
2020-01-01,be,1.4
2020-02-01,be,1.0
2020-03-01,be,0.4
2020-04-01,be,0.0
2020-05-01,be,-0.2
2020-06-01,be,0.2
2020-07-01,be,1.7
2020-08-01,be,-0.9
2020-09-01,be,0.5
2020-10-01,be,0.4
2020-11-01,be,0.2
2020-12-01,be,0.4
2021-01-01,be,0.6
2021-02-01,be,0.3
2021-03-01,be,1.6
2021-04-01,be,2.1
2021-05-01,be,2.5
2021-06-01,be,2.6
2021-07-01,be,1.4
2021-08-01,be,4.7
2021-09-01,be,3.8
2021-10-01,be,5.4
2021-11-01,be,7.1
2021-12-01,be,6.6
2022-01-01,be,8.5
2022-02-01,be,9.5
2022-03-01,be,9.3
2022-04-01,be,9.3
2022-05-01,be,9.9
2022-06-01,be,10.5
2022-07-01,be,10.4
2022-08-01,be,10.5
2022-09-01,be,12.1
2022-10-01,be,13.1
2022-11-01,be,10.5
2022-12-01,be,10.2
2023-01-01,be,7.4
2023-02-01,be,5.4
2023-03-01,be,4.9
2023-04-01,be,3.3
2023-05-01,be,2.7
2023-06-01,be,1.6
2023-07-01,be,1.7
2023-08-01,be,2.4
2023-09-01,be,0.7
2023-10-01,be,-1.7
2023-11-01,be,-0.8
2023-12-01,be,0.5
2024-01-01,be,1.5
2024-02-01,be,3.6
2024-03-01,be,3.8
2024-04-01,be,4.9
2024-05-01,be,4.9
2024-06-01,be,5.4
2024-07-01,be,5.4
2024-08-01,be,4.3
2024-09-01,be,4.3
2024-10-01,be,4.5
2024-11-01,be,4.8
2024-12-01,be,4.4
2025-01-01,be,4.4
2025-02-01,be,4.4
2025-03-01,be,3.6
2025-04-01,be,3.1
2025-05-01,be,2.8
2025-06-01,be,2.9
2025-07-01,be,2.6
2025-08-01,be,2.6
2025-09-01,be,2.7
2025-10-01,be,2.5
2025-11-01,be,2.6
2025-12-01,be,2.2
2000-01-01,de,1.7
2000-02-01,de,1.7
2000-03-01,de,1.4
2000-04-01,de,1.0
2000-05-01,de,0.8
2000-06-01,de,1.4
2000-07-01,de,1.3
2000-08-01,de,1.0
2000-09-01,de,1.5
2000-10-01,de,1.5
2000-11-01,de,1.4
2000-12-01,de,2.2
2001-01-01,de,1.3
2001-02-01,de,1.8
2001-03-01,de,1.8
2001-04-01,de,2.2
2001-05-01,de,2.9
2001-06-01,de,2.4
2001-07-01,de,2.1
2001-08-01,de,2.2
2001-09-01,de,1.8
2001-10-01,de,1.6
2001-11-01,de,1.4
2001-12-01,de,1.4
2002-01-01,de,2.0
2002-02-01,de,1.8
2002-03-01,de,1.9
2002-04-01,de,1.5
2002-05-01,de,1.1
2002-06-01,de,0.9
2002-07-01,de,1.1
2002-08-01,de,1.1
2002-09-01,de,1.1
2002-10-01,de,1.2
2002-11-01,de,1.1
2002-12-01,de,1.1
2003-01-01,de,1.1
2003-02-01,de,1.2
2003-03-01,de,1.2
2003-04-01,de,1.0
2003-05-01,de,0.6
2003-06-01,de,1.0
2003-07-01,de,0.9
2003-08-01,de,1.1
2003-09-01,de,1.1
2003-10-01,de,1.2
2003-11-01,de,1.4
2003-12-01,de,1.1
2004-01-01,de,1.1
2004-02-01,de,0.8
2004-03-01,de,1.1
2004-04-01,de,1.7
2004-05-01,de,2.2
2004-06-01,de,1.9
2004-07-01,de,1.9
2004-08-01,de,2.2
2004-09-01,de,1.9
2004-10-01,de,2.2
2004-11-01,de,1.9
2004-12-01,de,2.3
2005-01-01,de,1.7
2005-02-01,de,1.8
2005-03-01,de,1.8
2005-04-01,de,1.4
2005-05-01,de,1.5
2005-06-01,de,1.7
2005-07-01,de,1.9
2005-08-01,de,1.9
2005-09-01,de,2.6
2005-10-01,de,2.4
2005-11-01,de,2.3
2005-12-01,de,2.1
2006-01-01,de,2.1
2006-02-01,de,2.1
2006-03-01,de,1.9
2006-04-01,de,2.2
2006-05-01,de,2.1
2006-06-01,de,2.1
2006-07-01,de,2.1
2006-08-01,de,1.7
2006-09-01,de,0.9
2006-10-01,de,1.0
2006-11-01,de,1.5
2006-12-01,de,1.4
2007-01-01,de,1.7
2007-02-01,de,1.9
2007-03-01,de,2.0
2007-04-01,de,2.1
2007-05-01,de,2.0
2007-06-01,de,2.0
2007-07-01,de,2.1
2007-08-01,de,1.9
2007-09-01,de,2.6
2007-10-01,de,2.6
2007-11-01,de,3.3
2007-12-01,de,3.1
2008-01-01,de,3.0
2008-02-01,de,3.0
2008-03-01,de,3.3
2008-04-01,de,2.6
2008-05-01,de,3.2
2008-06-01,de,3.4
2008-07-01,de,3.4
2008-08-01,de,3.3
2008-09-01,de,3.0
2008-10-01,de,2.6
2008-11-01,de,1.4
2008-12-01,de,1.1
2009-01-01,de,1.0
2009-02-01,de,1.1
2009-03-01,de,0.3
2009-04-01,de,0.7
2009-05-01,de,-0.1
2009-06-01,de,0.0
2009-07-01,de,-0.7
2009-08-01,de,0.0
2009-09-01,de,-0.4
2009-10-01,de,-0.1
2009-11-01,de,0.3
2009-12-01,de,0.9
2010-01-01,de,0.7
2010-02-01,de,0.4
2010-03-01,de,1.2
2010-04-01,de,1.0
2010-05-01,de,1.2
2010-06-01,de,0.9
2010-07-01,de,1.2
2010-08-01,de,1.0
2010-09-01,de,1.2
2010-10-01,de,1.3
2010-11-01,de,1.5
2010-12-01,de,1.8
2011-01-01,de,2.0
2011-02-01,de,2.3
2011-03-01,de,2.4
2011-04-01,de,2.7
2011-05-01,de,2.5
2011-06-01,de,2.4
2011-07-01,de,2.6
2011-08-01,de,2.5
2011-09-01,de,2.8
2011-10-01,de,2.8
2011-11-01,de,2.7
2011-12-01,de,2.2
2012-01-01,de,2.4
2012-02-01,de,2.6
2012-03-01,de,2.3
2012-04-01,de,2.2
2012-05-01,de,2.1
2012-06-01,de,1.9
2012-07-01,de,1.9
2012-08-01,de,2.3
2012-09-01,de,2.2
2012-10-01,de,2.1
2012-11-01,de,1.9
2012-12-01,de,2.1
2013-01-01,de,1.9
2013-02-01,de,1.8
2013-03-01,de,1.9
2013-04-01,de,1.1
2013-05-01,de,1.5
2013-06-01,de,2.0
2013-07-01,de,2.0
2013-08-01,de,1.5
2013-09-01,de,1.5
2013-10-01,de,1.2
2013-11-01,de,1.6
2013-12-01,de,1.2
2014-01-01,de,1.1
2014-02-01,de,1.0
2014-03-01,de,0.7
2014-04-01,de,1.1
2014-05-01,de,0.7
2014-06-01,de,0.9
2014-07-01,de,0.7
2014-08-01,de,0.8
2014-09-01,de,0.8
2014-10-01,de,0.7
2014-11-01,de,0.5
2014-12-01,de,0.1
2015-01-01,de,-0.5
2015-02-01,de,-0.2
2015-03-01,de,0.3
2015-04-01,de,1.0
2015-05-01,de,1.6
2015-06-01,de,1.1
2015-07-01,de,1.3
2015-08-01,de,1.1
2015-09-01,de,0.8
2015-10-01,de,1.2
2015-11-01,de,0.2
2015-12-01,de,0.2
2016-01-01,de,0.4
2016-02-01,de,-0.1
2016-03-01,de,0.1
2016-04-01,de,-0.3
2016-05-01,de,-0.1
2016-06-01,de,0.1
2016-07-01,de,0.3
2016-08-01,de,0.3
2016-09-01,de,0.6
2016-10-01,de,0.7
2016-11-01,de,0.8
2016-12-01,de,1.6
2017-01-01,de,1.7
2017-02-01,de,2.1
2017-03-01,de,1.5
2017-04-01,de,2.0
2017-05-01,de,1.3
2017-06-01,de,1.7
2017-07-01,de,1.7
2017-08-01,de,1.9
2017-09-01,de,1.9
2017-10-01,de,1.5
2017-11-01,de,1.7
2017-12-01,de,1.5
2018-01-01,de,1.5
2018-02-01,de,1.2
2018-03-01,de,1.7
2018-04-01,de,1.3
2018-05-01,de,2.5
2018-06-01,de,2.1
2018-07-01,de,2.2
2018-08-01,de,2.1
2018-09-01,de,2.2
2018-10-01,de,2.6
2018-11-01,de,2.2
2018-12-01,de,1.7
2019-01-01,de,1.7
2019-02-01,de,1.7
2019-03-01,de,1.4
2019-04-01,de,2.1
2019-05-01,de,1.3
2019-06-01,de,1.5
2019-07-01,de,1.1
2019-08-01,de,1.0
2019-09-01,de,0.9
2019-10-01,de,0.9
2019-11-01,de,1.2
2019-12-01,de,1.5
2020-01-01,de,1.6
2020-02-01,de,1.7
2020-03-01,de,1.3
2020-04-01,de,0.8
2020-05-01,de,0.5
2020-06-01,de,0.8
2020-07-01,de,0.0
2020-08-01,de,-0.1
2020-09-01,de,-0.4
2020-10-01,de,-0.5
2020-11-01,de,-0.7
2020-12-01,de,-0.7
2021-01-01,de,1.6
2021-02-01,de,1.6
2021-03-01,de,2.0
2021-04-01,de,2.1
2021-05-01,de,2.4
2021-06-01,de,2.1
2021-07-01,de,3.1
2021-08-01,de,3.4
2021-09-01,de,4.1
2021-10-01,de,4.6
2021-11-01,de,6.0
2021-12-01,de,5.7
2022-01-01,de,5.1
2022-02-01,de,5.5
2022-03-01,de,7.6
2022-04-01,de,7.8
2022-05-01,de,8.7
2022-06-01,de,8.2
2022-07-01,de,8.5
2022-08-01,de,8.8
2022-09-01,de,10.9
2022-10-01,de,11.6
2022-11-01,de,11.3
2022-12-01,de,9.6
2023-01-01,de,9.2
2023-02-01,de,9.3
2023-03-01,de,7.8
2023-04-01,de,7.6
2023-05-01,de,6.3
2023-06-01,de,6.8
2023-07-01,de,6.5
2023-08-01,de,6.4
2023-09-01,de,4.3
2023-10-01,de,3.0
2023-11-01,de,2.3
2023-12-01,de,3.8
2024-01-01,de,3.1
2024-02-01,de,2.7
2024-03-01,de,2.3
2024-04-01,de,2.4
2024-05-01,de,2.8
2024-06-01,de,2.5
2024-07-01,de,2.6
2024-08-01,de,2.0
2024-09-01,de,1.8
2024-10-01,de,2.4
2024-11-01,de,2.4
2024-12-01,de,2.8
2025-01-01,de,2.8
2025-02-01,de,2.6
2025-03-01,de,2.3
2025-04-01,de,2.2
2025-05-01,de,2.1
2025-06-01,de,2.0
2025-07-01,de,1.8
2025-08-01,de,2.1
2025-09-01,de,2.4
2025-10-01,de,2.3
2025-11-01,de,2.6
2025-12-01,de,2.0
2000-01-01,es,2.9
2000-02-01,es,3.0
2000-03-01,es,3.0
2000-04-01,es,3.0
2000-05-01,es,3.2
2000-06-01,es,3.5
2000-07-01,es,3.7
2000-08-01,es,3.6
2000-09-01,es,3.7
2000-10-01,es,4.0
2000-11-01,es,4.1
2000-12-01,es,4.0
2001-01-01,es,2.9
2001-02-01,es,2.7
2001-03-01,es,3.0
2001-04-01,es,3.6
2001-05-01,es,3.8
2001-06-01,es,3.7
2001-07-01,es,2.4
2001-08-01,es,2.1
2001-09-01,es,2.3
2001-10-01,es,2.5
2001-11-01,es,2.5
2001-12-01,es,2.5
2002-01-01,es,3.1
2002-02-01,es,3.2
2002-03-01,es,3.2
2002-04-01,es,3.7
2002-05-01,es,3.7
2002-06-01,es,3.4
2002-07-01,es,3.5
2002-08-01,es,3.7
2002-09-01,es,3.5
2002-10-01,es,4.0
2002-11-01,es,3.9
2002-12-01,es,4.0
2003-01-01,es,3.8
2003-02-01,es,3.9
2003-03-01,es,3.7
2003-04-01,es,3.2
2003-05-01,es,2.7
2003-06-01,es,2.8
2003-07-01,es,2.9
2003-08-01,es,3.1
2003-09-01,es,3.0
2003-10-01,es,2.7
2003-11-01,es,2.9
2003-12-01,es,2.7
2004-01-01,es,2.3
2004-02-01,es,2.2
2004-03-01,es,2.2
2004-04-01,es,2.7
2004-05-01,es,3.4
2004-06-01,es,3.5
2004-07-01,es,3.3
2004-08-01,es,3.3
2004-09-01,es,3.2
2004-10-01,es,3.6
2004-11-01,es,3.5
2004-12-01,es,3.3
2005-01-01,es,3.1
2005-02-01,es,3.3
2005-03-01,es,3.4
2005-04-01,es,3.5
2005-05-01,es,3.1
2005-06-01,es,3.2
2005-07-01,es,3.3
2005-08-01,es,3.3
2005-09-01,es,3.8
2005-10-01,es,3.5
2005-11-01,es,3.4
2005-12-01,es,3.7
2006-01-01,es,4.2
2006-02-01,es,4.1
2006-03-01,es,3.9
2006-04-01,es,3.9
2006-05-01,es,4.1
2006-06-01,es,4.0
2006-07-01,es,4.0
2006-08-01,es,3.8
2006-09-01,es,2.9
2006-10-01,es,2.6
2006-11-01,es,2.7
2006-12-01,es,2.7
2007-01-01,es,2.4
2007-02-01,es,2.4
2007-03-01,es,2.5
2007-04-01,es,2.5
2007-05-01,es,2.4
2007-06-01,es,2.4
2007-07-01,es,2.3
2007-08-01,es,2.2
2007-09-01,es,2.7
2007-10-01,es,3.6
2007-11-01,es,4.1
2007-12-01,es,4.3
2008-01-01,es,4.4
2008-02-01,es,4.5
2008-03-01,es,4.6
2008-04-01,es,4.2
2008-05-01,es,4.7
2008-06-01,es,5.1
2008-07-01,es,5.3
2008-08-01,es,4.9
2008-09-01,es,4.6
2008-10-01,es,3.6
2008-11-01,es,2.4
2008-12-01,es,1.4
2009-01-01,es,0.8
2009-02-01,es,0.7
2009-03-01,es,-0.1
2009-04-01,es,-0.2
2009-05-01,es,-0.9
2009-06-01,es,-1.0
2009-07-01,es,-1.3
2009-08-01,es,-0.7
2009-09-01,es,-0.9
2009-10-01,es,-0.6
2009-11-01,es,0.4
2009-12-01,es,0.9
2010-01-01,es,0.7
2010-02-01,es,0.4
2010-03-01,es,2.7
2010-04-01,es,2.4
2010-05-01,es,2.5
2010-06-01,es,2.1
2010-07-01,es,1.8
2010-08-01,es,1.6
2010-09-01,es,2.8
2010-10-01,es,2.5
2010-11-01,es,2.3
2010-12-01,es,2.9
2011-01-01,es,3.0
2011-02-01,es,3.4
2011-03-01,es,3.3
2011-04-01,es,3.5
2011-05-01,es,3.4
2011-06-01,es,3.0
2011-07-01,es,3.0
2011-08-01,es,2.7
2011-09-01,es,3.0
2011-10-01,es,3.0
2011-11-01,es,2.9
2011-12-01,es,2.3
2012-01-01,es,2.0
2012-02-01,es,1.9
2012-03-01,es,1.8
2012-04-01,es,2.0
2012-05-01,es,1.9
2012-06-01,es,1.8
2012-07-01,es,2.2
2012-08-01,es,2.7
2012-09-01,es,3.5
2012-10-01,es,3.5
2012-11-01,es,3.0
2012-12-01,es,3.0
2013-01-01,es,2.8
2013-02-01,es,2.9
2013-03-01,es,2.6
2013-04-01,es,1.5
2013-05-01,es,1.8
2013-06-01,es,2.2
2013-07-01,es,1.9
2013-08-01,es,1.6
2013-09-01,es,0.5
2013-10-01,es,0.0
2013-11-01,es,0.3
2013-12-01,es,0.3
2014-01-01,es,0.3
2014-02-01,es,0.1
2014-03-01,es,-0.2
2014-04-01,es,0.3
2014-05-01,es,0.2
2014-06-01,es,0.0
2014-07-01,es,-0.4
2014-08-01,es,-0.5
2014-09-01,es,-0.3
2014-10-01,es,-0.2
2014-11-01,es,-0.5
2014-12-01,es,-1.1
2015-01-01,es,-1.5
2015-02-01,es,-1.2
2015-03-01,es,-0.8
2015-04-01,es,-0.7
2015-05-01,es,-0.3
2015-06-01,es,0.0
2015-07-01,es,0.0
2015-08-01,es,-0.5
2015-09-01,es,-1.1
2015-10-01,es,-0.9
2015-11-01,es,-0.4
2015-12-01,es,-0.1
2016-01-01,es,-0.4
2016-02-01,es,-1.0
2016-03-01,es,-1.0
2016-04-01,es,-1.2
2016-05-01,es,-1.1
2016-06-01,es,-0.9
2016-07-01,es,-0.7
2016-08-01,es,-0.3
2016-09-01,es,0.0
2016-10-01,es,0.5
2016-11-01,es,0.5
2016-12-01,es,1.4
2017-01-01,es,2.9
2017-02-01,es,3.0
2017-03-01,es,2.1
2017-04-01,es,2.6
2017-05-01,es,2.0
2017-06-01,es,1.6
2017-07-01,es,1.7
2017-08-01,es,2.0
2017-09-01,es,1.8
2017-10-01,es,1.7
2017-11-01,es,1.8
2017-12-01,es,1.2
2018-01-01,es,0.7
2018-02-01,es,1.2
2018-03-01,es,1.3
2018-04-01,es,1.1
2018-05-01,es,2.1
2018-06-01,es,2.3
2018-07-01,es,2.3
2018-08-01,es,2.2
2018-09-01,es,2.3
2018-10-01,es,2.3
2018-11-01,es,1.7
2018-12-01,es,1.2
2019-01-01,es,1.0
2019-02-01,es,1.1
2019-03-01,es,1.3
2019-04-01,es,1.6
2019-05-01,es,0.9
2019-06-01,es,0.6
2019-07-01,es,0.6
2019-08-01,es,0.4
2019-09-01,es,0.2
2019-10-01,es,0.2
2019-11-01,es,0.5
2019-12-01,es,0.8
2020-01-01,es,1.1
2020-02-01,es,0.9
2020-03-01,es,0.1
2020-04-01,es,-0.7
2020-05-01,es,-0.9
2020-06-01,es,-0.3
2020-07-01,es,-0.7
2020-08-01,es,-0.6
2020-09-01,es,-0.6
2020-10-01,es,-0.9
2020-11-01,es,-0.8
2020-12-01,es,-0.6
2021-01-01,es,0.4
2021-02-01,es,-0.1
2021-03-01,es,1.2
2021-04-01,es,2.0
2021-05-01,es,2.4
2021-06-01,es,2.5
2021-07-01,es,2.9
2021-08-01,es,3.3
2021-09-01,es,4.0
2021-10-01,es,5.4
2021-11-01,es,5.5
2021-12-01,es,6.6
2022-01-01,es,6.2
2022-02-01,es,7.6
2022-03-01,es,9.8
2022-04-01,es,8.3
2022-05-01,es,8.5
2022-06-01,es,10.0
2022-07-01,es,10.7
2022-08-01,es,10.5
2022-09-01,es,9.0
2022-10-01,es,7.3
2022-11-01,es,6.7
2022-12-01,es,5.5
2023-01-01,es,5.9
2023-02-01,es,6.0
2023-03-01,es,3.1
2023-04-01,es,3.8
2023-05-01,es,2.9
2023-06-01,es,1.6
2023-07-01,es,2.1
2023-08-01,es,2.4
2023-09-01,es,3.3
2023-10-01,es,3.5
2023-11-01,es,3.3
2023-12-01,es,3.3
2024-01-01,es,3.5
2024-02-01,es,2.9
2024-03-01,es,3.3
2024-04-01,es,3.4
2024-05-01,es,3.8
2024-06-01,es,3.6
2024-07-01,es,2.9
2024-08-01,es,2.4
2024-09-01,es,1.7
2024-10-01,es,1.8
2024-11-01,es,2.4
2024-12-01,es,2.8
2025-01-01,es,2.9
2025-02-01,es,2.9
2025-03-01,es,2.2
2025-04-01,es,2.2
2025-05-01,es,2.0
2025-06-01,es,2.3
2025-07-01,es,2.7
2025-08-01,es,2.7
2025-09-01,es,3.0
2025-10-01,es,3.2
2025-11-01,es,3.2
2025-12-01,es,3.0
2000-01-01,fi,2.3
2000-02-01,fi,2.7
2000-03-01,fi,3.2
2000-04-01,fi,2.5
2000-05-01,fi,2.7
2000-06-01,fi,3.1
2000-07-01,fi,2.9
2000-08-01,fi,2.9
2000-09-01,fi,3.4
2000-10-01,fi,3.4
2000-11-01,fi,3.3
2000-12-01,fi,2.9
2001-01-01,fi,2.9
2001-02-01,fi,2.7
2001-03-01,fi,2.5
2001-04-01,fi,2.9
2001-05-01,fi,3.3
2001-06-01,fi,3.0
2001-07-01,fi,2.6
2001-08-01,fi,2.7
2001-09-01,fi,2.6
2001-10-01,fi,2.4
2001-11-01,fi,2.2
2001-12-01,fi,2.3
2002-01-01,fi,2.9
2002-02-01,fi,2.5
2002-03-01,fi,2.6
2002-04-01,fi,2.5
2002-05-01,fi,1.8
2002-06-01,fi,1.5
2002-07-01,fi,2.0
2002-08-01,fi,1.8
2002-09-01,fi,1.3
2002-10-01,fi,1.7
2002-11-01,fi,1.7
2002-12-01,fi,1.7
2003-01-01,fi,1.4
2003-02-01,fi,2.1
2003-03-01,fi,1.8
2003-04-01,fi,1.4
2003-05-01,fi,1.1
2003-06-01,fi,1.1
2003-07-01,fi,1.0
2003-08-01,fi,1.2
2003-09-01,fi,1.3
2003-10-01,fi,0.9
2003-11-01,fi,1.1
2003-12-01,fi,1.2
2004-01-01,fi,0.7
2004-02-01,fi,0.4
2004-03-01,fi,-0.4
2004-04-01,fi,-0.4
2004-05-01,fi,-0.1
2004-06-01,fi,-0.1
2004-07-01,fi,0.2
2004-08-01,fi,0.2
2004-09-01,fi,0.2
2004-10-01,fi,0.6
2004-11-01,fi,0.2
2004-12-01,fi,0.1
2005-01-01,fi,-0.1
2005-02-01,fi,0.0
2005-03-01,fi,0.9
2005-04-01,fi,1.2
2005-05-01,fi,0.7
2005-06-01,fi,1.0
2005-07-01,fi,0.9
2005-08-01,fi,1.0
2005-09-01,fi,1.2
2005-10-01,fi,0.8
2005-11-01,fi,0.9
2005-12-01,fi,1.0
2006-01-01,fi,1.2
2006-02-01,fi,1.3
2006-03-01,fi,1.2
2006-04-01,fi,1.5
2006-05-01,fi,1.7
2006-06-01,fi,1.5
2006-07-01,fi,1.3
2006-08-01,fi,1.3
2006-09-01,fi,0.8
2006-10-01,fi,1.0
2006-11-01,fi,1.3
2006-12-01,fi,1.2
2007-01-01,fi,1.3
2007-02-01,fi,1.2
2007-03-01,fi,1.6
2007-04-01,fi,1.5
2007-05-01,fi,1.3
2007-06-01,fi,1.4
2007-07-01,fi,1.6
2007-08-01,fi,1.3
2007-09-01,fi,1.7
2007-10-01,fi,1.8
2007-11-01,fi,2.2
2007-12-01,fi,1.9
2008-01-01,fi,3.4
2008-02-01,fi,3.3
2008-03-01,fi,3.6
2008-04-01,fi,3.3
2008-05-01,fi,4.1
2008-06-01,fi,4.3
2008-07-01,fi,4.3
2008-08-01,fi,4.6
2008-09-01,fi,4.7
2008-10-01,fi,4.4
2008-11-01,fi,3.5
2008-12-01,fi,3.4
2009-01-01,fi,2.5
2009-02-01,fi,2.7
2009-03-01,fi,2.0
2009-04-01,fi,2.1
2009-05-01,fi,1.5
2009-06-01,fi,1.6
2009-07-01,fi,1.2
2009-08-01,fi,1.3
2009-09-01,fi,1.1
2009-10-01,fi,0.6
2009-11-01,fi,1.3
2009-12-01,fi,1.8
2010-01-01,fi,1.6
2010-02-01,fi,1.3
2010-03-01,fi,1.5
2010-04-01,fi,1.6
2010-05-01,fi,1.4
2010-06-01,fi,1.3
2010-07-01,fi,1.3
2010-08-01,fi,1.3
2010-09-01,fi,1.4
2010-10-01,fi,2.4
2010-11-01,fi,2.4
2010-12-01,fi,2.8
2011-01-01,fi,3.1
2011-02-01,fi,3.5
2011-03-01,fi,3.5
2011-04-01,fi,3.4
2011-05-01,fi,3.4
2011-06-01,fi,3.4
2011-07-01,fi,3.7
2011-08-01,fi,3.5
2011-09-01,fi,3.5
2011-10-01,fi,3.2
2011-11-01,fi,3.2
2011-12-01,fi,2.6
2012-01-01,fi,3.0
2012-02-01,fi,3.0
2012-03-01,fi,2.9
2012-04-01,fi,3.0
2012-05-01,fi,3.1
2012-06-01,fi,2.9
2012-07-01,fi,3.1
2012-08-01,fi,3.3
2012-09-01,fi,3.4
2012-10-01,fi,3.5
2012-11-01,fi,3.2
2012-12-01,fi,3.4
2013-01-01,fi,2.6
2013-02-01,fi,2.4
2013-03-01,fi,2.5
2013-04-01,fi,2.4
2013-05-01,fi,2.5
2013-06-01,fi,2.3
2013-07-01,fi,2.5
2013-08-01,fi,2.1
2013-09-01,fi,1.8
2013-10-01,fi,1.7
2013-11-01,fi,1.8
2013-12-01,fi,1.9
2014-01-01,fi,1.9
2014-02-01,fi,1.6
2014-03-01,fi,1.3
2014-04-01,fi,1.3
2014-05-01,fi,1.0
2014-06-01,fi,1.1
2014-07-01,fi,1.0
2014-08-01,fi,1.2
2014-09-01,fi,1.5
2014-10-01,fi,1.2
2014-11-01,fi,1.1
2014-12-01,fi,0.6
2015-01-01,fi,-0.1
2015-02-01,fi,-0.1
2015-03-01,fi,0.0
2015-04-01,fi,-0.1
2015-05-01,fi,0.1
2015-06-01,fi,0.1
2015-07-01,fi,-0.1
2015-08-01,fi,-0.2
2015-09-01,fi,-0.7
2015-10-01,fi,-0.3
2015-11-01,fi,-0.2
2015-12-01,fi,-0.2
2016-01-01,fi,0.0
2016-02-01,fi,-0.1
2016-03-01,fi,0.0
2016-04-01,fi,0.3
2016-05-01,fi,0.3
2016-06-01,fi,0.3
2016-07-01,fi,0.5
2016-08-01,fi,0.5
2016-09-01,fi,0.5
2016-10-01,fi,0.6
2016-11-01,fi,0.6
2016-12-01,fi,1.1
2017-01-01,fi,0.9
2017-02-01,fi,1.4
2017-03-01,fi,0.9
2017-04-01,fi,1.0
2017-05-01,fi,0.9
2017-06-01,fi,0.9
2017-07-01,fi,0.6
2017-08-01,fi,0.8
2017-09-01,fi,0.8
2017-10-01,fi,0.5
2017-11-01,fi,0.9
2017-12-01,fi,0.5
2018-01-01,fi,0.8
2018-02-01,fi,0.6
2018-03-01,fi,0.9
2018-04-01,fi,0.8
2018-05-01,fi,1.0
2018-06-01,fi,1.2
2018-07-01,fi,1.4
2018-08-01,fi,1.4
2018-09-01,fi,1.4
2018-10-01,fi,1.7
2018-11-01,fi,1.4
2018-12-01,fi,1.3
2019-01-01,fi,1.2
2019-02-01,fi,1.3
2019-03-01,fi,1.1
2019-04-01,fi,1.5
2019-05-01,fi,1.3
2019-06-01,fi,1.1
2019-07-01,fi,1.0
2019-08-01,fi,1.2
2019-09-01,fi,1.0
2019-10-01,fi,0.9
2019-11-01,fi,0.8
2019-12-01,fi,1.1
2020-01-01,fi,1.2
2020-02-01,fi,1.1
2020-03-01,fi,0.9
2020-04-01,fi,-0.3
2020-05-01,fi,-0.1
2020-06-01,fi,0.1
2020-07-01,fi,0.7
2020-08-01,fi,0.3
2020-09-01,fi,0.3
2020-10-01,fi,0.2
2020-11-01,fi,0.2
2020-12-01,fi,0.2
2021-01-01,fi,1.0
2021-02-01,fi,0.9
2021-03-01,fi,1.4
2021-04-01,fi,2.2
2021-05-01,fi,2.3
2021-06-01,fi,1.9
2021-07-01,fi,1.8
2021-08-01,fi,1.8
2021-09-01,fi,2.1
2021-10-01,fi,2.8
2021-11-01,fi,3.5
2021-12-01,fi,3.2
2022-01-01,fi,4.1
2022-02-01,fi,4.4
2022-03-01,fi,5.8
2022-04-01,fi,5.8
2022-05-01,fi,7.1
2022-06-01,fi,8.1
2022-07-01,fi,8.0
2022-08-01,fi,7.9
2022-09-01,fi,8.4
2022-10-01,fi,8.4
2022-11-01,fi,9.1
2022-12-01,fi,8.8
2023-01-01,fi,7.9
2023-02-01,fi,8.0
2023-03-01,fi,6.7
2023-04-01,fi,6.3
2023-05-01,fi,5.0
2023-06-01,fi,4.1
2023-07-01,fi,4.2
2023-08-01,fi,3.1
2023-09-01,fi,3.0
2023-10-01,fi,2.4
2023-11-01,fi,0.7
2023-12-01,fi,1.3
2024-01-01,fi,1.1
2024-02-01,fi,1.1
2024-03-01,fi,0.6
2024-04-01,fi,0.6
2024-05-01,fi,0.4
2024-06-01,fi,0.5
2024-07-01,fi,0.5
2024-08-01,fi,1.1
2024-09-01,fi,1.0
2024-10-01,fi,1.5
2024-11-01,fi,1.7
2024-12-01,fi,1.6
2025-01-01,fi,1.7
2025-02-01,fi,1.5
2025-03-01,fi,1.8
2025-04-01,fi,1.9
2025-05-01,fi,2.0
2025-06-01,fi,1.9
2025-07-01,fi,1.9
2025-08-01,fi,2.2
2025-09-01,fi,2.2
2025-10-01,fi,1.4
2025-11-01,fi,1.5
2025-12-01,fi,1.7
2000-01-01,fr,1.7
2000-02-01,fr,1.4
2000-03-01,fr,1.6
2000-04-01,fr,1.3
2000-05-01,fr,1.5
2000-06-01,fr,1.8
2000-07-01,fr,1.9
2000-08-01,fr,2.0
2000-09-01,fr,2.3
2000-10-01,fr,2.1
2000-11-01,fr,2.3
2000-12-01,fr,1.8
2001-01-01,fr,1.3
2001-02-01,fr,1.5
2001-03-01,fr,1.5
2001-04-01,fr,2.0
2001-05-01,fr,2.4
2001-06-01,fr,2.2
2001-07-01,fr,2.2
2001-08-01,fr,2.0
2001-09-01,fr,1.6
2001-10-01,fr,1.8
2001-11-01,fr,1.3
2001-12-01,fr,1.5
2002-01-01,fr,2.4
2002-02-01,fr,2.2
2002-03-01,fr,2.2
2002-04-01,fr,2.1
2002-05-01,fr,1.6
2002-06-01,fr,1.4
2002-07-01,fr,1.6
2002-08-01,fr,1.8
2002-09-01,fr,1.8
2002-10-01,fr,1.9
2002-11-01,fr,2.1
2002-12-01,fr,2.2
2003-01-01,fr,1.9
2003-02-01,fr,2.6
2003-03-01,fr,2.5
2003-04-01,fr,2.0
2003-05-01,fr,1.8
2003-06-01,fr,2.0
2003-07-01,fr,2.0
2003-08-01,fr,2.0
2003-09-01,fr,2.2
2003-10-01,fr,2.3
2003-11-01,fr,2.5
2003-12-01,fr,2.4
2004-01-01,fr,2.2
2004-02-01,fr,1.9
2004-03-01,fr,1.9
2004-04-01,fr,2.4
2004-05-01,fr,2.8
2004-06-01,fr,2.7
2004-07-01,fr,2.6
2004-08-01,fr,2.6
2004-09-01,fr,2.2
2004-10-01,fr,2.3
2004-11-01,fr,2.2
2004-12-01,fr,2.2
2005-01-01,fr,1.6
2005-02-01,fr,1.9
2005-03-01,fr,2.1
2005-04-01,fr,2.0
2005-05-01,fr,1.7
2005-06-01,fr,1.8
2005-07-01,fr,1.8
2005-08-01,fr,2.0
2005-09-01,fr,2.3
2005-10-01,fr,2.0
2005-11-01,fr,1.8
2005-12-01,fr,1.8
2006-01-01,fr,2.2
2006-02-01,fr,2.0
2006-03-01,fr,1.7
2006-04-01,fr,2.0
2006-05-01,fr,2.3
2006-06-01,fr,2.2
2006-07-01,fr,2.2
2006-08-01,fr,2.1
2006-09-01,fr,1.5
2006-10-01,fr,1.2
2006-11-01,fr,1.6
2006-12-01,fr,1.7
2007-01-01,fr,1.4
2007-02-01,fr,1.2
2007-03-01,fr,1.2
2007-04-01,fr,1.3
2007-05-01,fr,1.2
2007-06-01,fr,1.3
2007-07-01,fr,1.2
2007-08-01,fr,1.3
2007-09-01,fr,1.6
2007-10-01,fr,2.1
2007-11-01,fr,2.6
2007-12-01,fr,2.8
2008-01-01,fr,3.2
2008-02-01,fr,3.2
2008-03-01,fr,3.5
2008-04-01,fr,3.4
2008-05-01,fr,3.7
2008-06-01,fr,4.0
2008-07-01,fr,4.0
2008-08-01,fr,3.5
2008-09-01,fr,3.4
2008-10-01,fr,3.0
2008-11-01,fr,1.9
2008-12-01,fr,1.2
2009-01-01,fr,0.8
2009-02-01,fr,1.0
2009-03-01,fr,0.4
2009-04-01,fr,0.1
2009-05-01,fr,-0.3
2009-06-01,fr,-0.6
2009-07-01,fr,-0.8
2009-08-01,fr,-0.2
2009-09-01,fr,-0.4
2009-10-01,fr,-0.2
2009-11-01,fr,0.5
2009-12-01,fr,1.0
2010-01-01,fr,1.2
2010-02-01,fr,1.4
2010-03-01,fr,1.7
2010-04-01,fr,1.9
2010-05-01,fr,1.9
2010-06-01,fr,1.7
2010-07-01,fr,1.9
2010-08-01,fr,1.6
2010-09-01,fr,1.8
2010-10-01,fr,1.8
2010-11-01,fr,1.8
2010-12-01,fr,2.0
2011-01-01,fr,2.0
2011-02-01,fr,1.8
2011-03-01,fr,2.2
2011-04-01,fr,2.2
2011-05-01,fr,2.2
2011-06-01,fr,2.3
2011-07-01,fr,2.1
2011-08-01,fr,2.4
2011-09-01,fr,2.4
2011-10-01,fr,2.5
2011-11-01,fr,2.7
2011-12-01,fr,2.7
2012-01-01,fr,2.6
2012-02-01,fr,2.5
2012-03-01,fr,2.6
2012-04-01,fr,2.4
2012-05-01,fr,2.3
2012-06-01,fr,2.3
2012-07-01,fr,2.2
2012-08-01,fr,2.4
2012-09-01,fr,2.2
2012-10-01,fr,2.1
2012-11-01,fr,1.6
2012-12-01,fr,1.5
2013-01-01,fr,1.4
2013-02-01,fr,1.2
2013-03-01,fr,1.1
2013-04-01,fr,0.8
2013-05-01,fr,0.9
2013-06-01,fr,1.0
2013-07-01,fr,1.2
2013-08-01,fr,1.0
2013-09-01,fr,1.0
2013-10-01,fr,0.7
2013-11-01,fr,0.8
2013-12-01,fr,0.8
2014-01-01,fr,0.8
2014-02-01,fr,1.1
2014-03-01,fr,0.8
2014-04-01,fr,0.8
2014-05-01,fr,0.8
2014-06-01,fr,0.6
2014-07-01,fr,0.6
2014-08-01,fr,0.5
2014-09-01,fr,0.4
2014-10-01,fr,0.5
2014-11-01,fr,0.4
2014-12-01,fr,0.1
2015-01-01,fr,-0.4
2015-02-01,fr,-0.3
2015-03-01,fr,0.0
2015-04-01,fr,0.1
2015-05-01,fr,0.3
2015-06-01,fr,0.3
2015-07-01,fr,0.2
2015-08-01,fr,0.1
2015-09-01,fr,0.1
2015-10-01,fr,0.2
2015-11-01,fr,0.1
2015-12-01,fr,0.3
2016-01-01,fr,0.3
2016-02-01,fr,-0.1
2016-03-01,fr,-0.1
2016-04-01,fr,-0.1
2016-05-01,fr,0.1
2016-06-01,fr,0.3
2016-07-01,fr,0.4
2016-08-01,fr,0.4
2016-09-01,fr,0.5
2016-10-01,fr,0.5
2016-11-01,fr,0.7
2016-12-01,fr,0.8
2017-01-01,fr,1.6
2017-02-01,fr,1.4
2017-03-01,fr,1.4
2017-04-01,fr,1.4
2017-05-01,fr,0.9
2017-06-01,fr,0.8
2017-07-01,fr,0.8
2017-08-01,fr,1.0
2017-09-01,fr,1.1
2017-10-01,fr,1.2
2017-11-01,fr,1.2
2017-12-01,fr,1.2
2018-01-01,fr,1.5
2018-02-01,fr,1.3
2018-03-01,fr,1.7
2018-04-01,fr,1.8
2018-05-01,fr,2.3
2018-06-01,fr,2.3
2018-07-01,fr,2.6
2018-08-01,fr,2.6
2018-09-01,fr,2.5
2018-10-01,fr,2.5
2018-11-01,fr,2.2
2018-12-01,fr,1.9
2019-01-01,fr,1.4
2019-02-01,fr,1.6
2019-03-01,fr,1.3
2019-04-01,fr,1.5
2019-05-01,fr,1.1
2019-06-01,fr,1.4
2019-07-01,fr,1.3
2019-08-01,fr,1.3
2019-09-01,fr,1.1
2019-10-01,fr,0.9
2019-11-01,fr,1.2
2019-12-01,fr,1.6
2020-01-01,fr,1.7
2020-02-01,fr,1.6
2020-03-01,fr,0.8
2020-04-01,fr,0.4
2020-05-01,fr,0.4
2020-06-01,fr,0.2
2020-07-01,fr,0.9
2020-08-01,fr,0.2
2020-09-01,fr,0.0
2020-10-01,fr,0.1
2020-11-01,fr,0.2
2020-12-01,fr,0.0
2021-01-01,fr,0.8
2021-02-01,fr,0.8
2021-03-01,fr,1.4
2021-04-01,fr,1.6
2021-05-01,fr,1.8
2021-06-01,fr,1.9
2021-07-01,fr,1.5
2021-08-01,fr,2.4
2021-09-01,fr,2.7
2021-10-01,fr,3.2
2021-11-01,fr,3.4
2021-12-01,fr,3.4
2022-01-01,fr,3.3
2022-02-01,fr,4.2
2022-03-01,fr,5.1
2022-04-01,fr,5.4
2022-05-01,fr,5.8
2022-06-01,fr,6.5
2022-07-01,fr,6.8
2022-08-01,fr,6.6
2022-09-01,fr,6.2
2022-10-01,fr,7.1
2022-11-01,fr,7.1
2022-12-01,fr,6.7
2023-01-01,fr,7.0
2023-02-01,fr,7.3
2023-03-01,fr,6.7
2023-04-01,fr,6.9
2023-05-01,fr,6.0
2023-06-01,fr,5.3
2023-07-01,fr,5.1
2023-08-01,fr,5.7
2023-09-01,fr,5.7
2023-10-01,fr,4.5
2023-11-01,fr,3.9
2023-12-01,fr,4.1
2024-01-01,fr,3.4
2024-02-01,fr,3.2
2024-03-01,fr,2.4
2024-04-01,fr,2.4
2024-05-01,fr,2.6
2024-06-01,fr,2.5
2024-07-01,fr,2.7
2024-08-01,fr,2.2
2024-09-01,fr,1.4
2024-10-01,fr,1.6
2024-11-01,fr,1.7
2024-12-01,fr,1.8
2025-01-01,fr,1.8
2025-02-01,fr,0.9
2025-03-01,fr,0.9
2025-04-01,fr,0.9
2025-05-01,fr,0.6
2025-06-01,fr,0.9
2025-07-01,fr,0.9
2025-08-01,fr,0.8
2025-09-01,fr,1.1
2025-10-01,fr,0.8
2025-11-01,fr,0.8
2025-12-01,fr,0.7
2000-01-01,gr,2.3
2000-02-01,gr,2.6
2000-03-01,gr,2.8
2000-04-01,gr,2.1
2000-05-01,gr,2.6
2000-06-01,gr,2.2
2000-07-01,gr,2.6
2000-08-01,gr,2.9
2000-09-01,gr,3.0
2000-10-01,gr,3.8
2000-11-01,gr,4.0
2000-12-01,gr,3.7
2001-01-01,gr,3.2
2001-02-01,gr,3.4
2001-03-01,gr,3.2
2001-04-01,gr,3.7
2001-05-01,gr,3.9
2001-06-01,gr,4.5
2001-07-01,gr,4.2
2001-08-01,gr,4.0
2001-09-01,gr,4.0
2001-10-01,gr,3.2
2001-11-01,gr,2.9
2001-12-01,gr,3.5
2002-01-01,gr,4.8
2002-02-01,gr,3.8
2002-03-01,gr,4.3
2002-04-01,gr,4.1
2002-05-01,gr,3.8
2002-06-01,gr,3.6
2002-07-01,gr,3.6
2002-08-01,gr,3.8
2002-09-01,gr,3.8
2002-10-01,gr,4.0
2002-11-01,gr,3.9
2002-12-01,gr,3.5
2003-01-01,gr,3.3
2003-02-01,gr,4.3
2003-03-01,gr,3.9
2003-04-01,gr,3.3
2003-05-01,gr,3.5
2003-06-01,gr,3.7
2003-07-01,gr,3.5
2003-08-01,gr,3.3
2003-09-01,gr,3.3
2003-10-01,gr,3.1
2003-11-01,gr,3.3
2003-12-01,gr,3.1
2004-01-01,gr,3.0
2004-02-01,gr,2.6
2004-03-01,gr,2.9
2004-04-01,gr,3.1
2004-05-01,gr,3.1
2004-06-01,gr,3.0
2004-07-01,gr,3.2
2004-08-01,gr,2.8
2004-09-01,gr,2.9
2004-10-01,gr,3.3
2004-11-01,gr,3.2
2004-12-01,gr,3.1
2005-01-01,gr,4.2
2005-02-01,gr,3.1
2005-03-01,gr,2.8
2005-04-01,gr,3.3
2005-05-01,gr,3.2
2005-06-01,gr,3.2
2005-07-01,gr,3.9
2005-08-01,gr,3.6
2005-09-01,gr,3.8
2005-10-01,gr,3.7
2005-11-01,gr,3.4
2005-12-01,gr,3.5
2006-01-01,gr,3.0
2006-02-01,gr,3.1
2006-03-01,gr,3.3
2006-04-01,gr,3.5
2006-05-01,gr,3.3
2006-06-01,gr,3.4
2006-07-01,gr,3.9
2006-08-01,gr,3.5
2006-09-01,gr,3.1
2006-10-01,gr,3.1
2006-11-01,gr,3.2
2006-12-01,gr,3.2
2007-01-01,gr,3.0
2007-02-01,gr,3.0
2007-03-01,gr,2.8
2007-04-01,gr,2.6
2007-05-01,gr,2.6
2007-06-01,gr,2.6
2007-07-01,gr,2.7
2007-08-01,gr,2.7
2007-09-01,gr,3.0
2007-10-01,gr,3.0
2007-11-01,gr,3.9
2007-12-01,gr,3.9
2008-01-01,gr,3.9
2008-02-01,gr,4.6
2008-03-01,gr,4.4
2008-04-01,gr,4.4
2008-05-01,gr,4.9
2008-06-01,gr,4.9
2008-07-01,gr,4.9
2008-08-01,gr,4.8
2008-09-01,gr,4.7
2008-10-01,gr,4.0
2008-11-01,gr,3.0
2008-12-01,gr,2.2
2009-01-01,gr,2.0
2009-02-01,gr,1.8
2009-03-01,gr,1.5
2009-04-01,gr,1.1
2009-05-01,gr,0.7
2009-06-01,gr,0.7
2009-07-01,gr,0.7
2009-08-01,gr,1.0
2009-09-01,gr,0.7
2009-10-01,gr,1.2
2009-11-01,gr,2.1
2009-12-01,gr,2.5
2010-01-01,gr,2.3
2010-02-01,gr,2.9
2010-03-01,gr,3.9
2010-04-01,gr,4.8
2010-05-01,gr,5.3
2010-06-01,gr,5.2
2010-07-01,gr,5.5
2010-08-01,gr,5.6
2010-09-01,gr,5.7
2010-10-01,gr,5.2
2010-11-01,gr,4.8
2010-12-01,gr,5.2
2011-01-01,gr,4.9
2011-02-01,gr,4.1
2011-03-01,gr,4.3
2011-04-01,gr,3.7
2011-05-01,gr,3.1
2011-06-01,gr,3.1
2011-07-01,gr,2.1
2011-08-01,gr,1.4
2011-09-01,gr,2.9
2011-10-01,gr,2.9
2011-11-01,gr,2.8
2011-12-01,gr,2.2
2012-01-01,gr,2.1
2012-02-01,gr,1.7
2012-03-01,gr,1.3
2012-04-01,gr,1.5
2012-05-01,gr,0.9
2012-06-01,gr,1.0
2012-07-01,gr,0.9
2012-08-01,gr,1.1
2012-09-01,gr,0.3
2012-10-01,gr,0.9
2012-11-01,gr,0.4
2012-12-01,gr,0.3
2013-01-01,gr,0.0
2013-02-01,gr,0.1
2013-03-01,gr,-0.2
2013-04-01,gr,-0.6
2013-05-01,gr,-0.3
2013-06-01,gr,-0.2
2013-07-01,gr,-0.5
2013-08-01,gr,-1.0
2013-09-01,gr,-1.0
2013-10-01,gr,-1.9
2013-11-01,gr,-2.9
2013-12-01,gr,-1.8
2014-01-01,gr,-1.4
2014-02-01,gr,-0.9
2014-03-01,gr,-1.5
2014-04-01,gr,-1.6
2014-05-01,gr,-2.1
2014-06-01,gr,-1.5
2014-07-01,gr,-0.8
2014-08-01,gr,-0.2
2014-09-01,gr,-1.1
2014-10-01,gr,-1.8
2014-11-01,gr,-1.2
2014-12-01,gr,-2.5
2015-01-01,gr,-2.8
2015-02-01,gr,-1.9
2015-03-01,gr,-1.9
2015-04-01,gr,-1.8
2015-05-01,gr,-1.4
2015-06-01,gr,-1.1
2015-07-01,gr,-1.3
2015-08-01,gr,-0.4
2015-09-01,gr,-0.8
2015-10-01,gr,-0.1
2015-11-01,gr,-0.1
2015-12-01,gr,0.4
2016-01-01,gr,-0.1
2016-02-01,gr,0.1
2016-03-01,gr,-0.7
2016-04-01,gr,-0.4
2016-05-01,gr,-0.2
2016-06-01,gr,0.2
2016-07-01,gr,0.2
2016-08-01,gr,0.4
2016-09-01,gr,-0.1
2016-10-01,gr,0.6
2016-11-01,gr,-0.2
2016-12-01,gr,0.3
2017-01-01,gr,1.5
2017-02-01,gr,1.4
2017-03-01,gr,1.7
2017-04-01,gr,1.6
2017-05-01,gr,1.5
2017-06-01,gr,0.9
2017-07-01,gr,0.9
2017-08-01,gr,0.6
2017-09-01,gr,1.0
2017-10-01,gr,0.5
2017-11-01,gr,1.1
2017-12-01,gr,1.0
2018-01-01,gr,0.2
2018-02-01,gr,0.4
2018-03-01,gr,0.2
2018-04-01,gr,0.5
2018-05-01,gr,0.8
2018-06-01,gr,1.0
2018-07-01,gr,0.8
2018-08-01,gr,0.9
2018-09-01,gr,1.1
2018-10-01,gr,1.8
2018-11-01,gr,1.1
2018-12-01,gr,0.6
2019-01-01,gr,0.5
2019-02-01,gr,0.8
2019-03-01,gr,1.0
2019-04-01,gr,1.1
2019-05-01,gr,0.6
2019-06-01,gr,0.2
2019-07-01,gr,0.4
2019-08-01,gr,0.1
2019-09-01,gr,0.2
2019-10-01,gr,-0.3
2019-11-01,gr,0.5
2019-12-01,gr,1.1
2020-01-01,gr,1.1
2020-02-01,gr,0.4
2020-03-01,gr,0.2
2020-04-01,gr,-0.9
2020-05-01,gr,-0.7
2020-06-01,gr,-1.9
2020-07-01,gr,-2.1
2020-08-01,gr,-2.3
2020-09-01,gr,-2.3
2020-10-01,gr,-2.0
2020-11-01,gr,-2.1
2020-12-01,gr,-2.4
2021-01-01,gr,-2.4
2021-02-01,gr,-1.9
2021-03-01,gr,-2.0
2021-04-01,gr,-1.1
2021-05-01,gr,-1.2
2021-06-01,gr,0.6
2021-07-01,gr,0.7
2021-08-01,gr,1.2
2021-09-01,gr,1.9
2021-10-01,gr,2.8
2021-11-01,gr,4.0
2021-12-01,gr,4.4
2022-01-01,gr,5.5
2022-02-01,gr,6.3
2022-03-01,gr,8.0
2022-04-01,gr,9.1
2022-05-01,gr,10.5
2022-06-01,gr,11.6
2022-07-01,gr,11.3
2022-08-01,gr,11.2
2022-09-01,gr,12.1
2022-10-01,gr,9.5
2022-11-01,gr,8.8
2022-12-01,gr,7.6
2023-01-01,gr,7.3
2023-02-01,gr,6.5
2023-03-01,gr,5.4
2023-04-01,gr,4.5
2023-05-01,gr,4.1
2023-06-01,gr,2.8
2023-07-01,gr,3.5
2023-08-01,gr,3.5
2023-09-01,gr,2.4
2023-10-01,gr,3.8
2023-11-01,gr,2.9
2023-12-01,gr,3.7
2024-01-01,gr,3.2
2024-02-01,gr,3.1
2024-03-01,gr,3.4
2024-04-01,gr,3.2
2024-05-01,gr,2.4
2024-06-01,gr,2.5
2024-07-01,gr,3.0
2024-08-01,gr,3.2
2024-09-01,gr,3.1
2024-10-01,gr,3.1
2024-11-01,gr,3.0
2024-12-01,gr,2.9
2025-01-01,gr,3.1
2025-02-01,gr,3.0
2025-03-01,gr,3.1
2025-04-01,gr,2.6
2025-05-01,gr,3.3
2025-06-01,gr,3.6
2025-07-01,gr,3.7
2025-08-01,gr,3.1
2025-09-01,gr,1.8
2025-10-01,gr,1.6
2025-11-01,gr,2.8
2025-12-01,gr,2.9
2000-01-01,ie,4.5
2000-02-01,ie,4.6
2000-03-01,ie,5.0
2000-04-01,ie,5.1
2000-05-01,ie,5.1
2000-06-01,ie,5.4
2000-07-01,ie,5.9
2000-08-01,ie,5.7
2000-09-01,ie,5.5
2000-10-01,ie,5.9
2000-11-01,ie,5.9
2000-12-01,ie,4.7
2001-01-01,ie,3.9
2001-02-01,ie,4.0
2001-03-01,ie,4.1
2001-04-01,ie,4.2
2001-05-01,ie,4.2
2001-06-01,ie,4.3
2001-07-01,ie,4.0
2001-08-01,ie,3.7
2001-09-01,ie,3.8
2001-10-01,ie,3.8
2001-11-01,ie,3.6
2001-12-01,ie,4.3
2002-01-01,ie,5.3
2002-02-01,ie,5.0
2002-03-01,ie,5.1
2002-04-01,ie,5.2
2002-05-01,ie,5.0
2002-06-01,ie,4.5
2002-07-01,ie,4.1
2002-08-01,ie,4.5
2002-09-01,ie,4.4
2002-10-01,ie,4.4
2002-11-01,ie,4.6
2002-12-01,ie,4.5
2003-01-01,ie,4.8
2003-02-01,ie,5.1
2003-03-01,ie,4.9
2003-04-01,ie,4.5
2003-05-01,ie,3.9
2003-06-01,ie,3.7
2003-07-01,ie,3.9
2003-08-01,ie,4.0
2003-09-01,ie,3.8
2003-10-01,ie,3.3
2003-11-01,ie,3.3
2003-12-01,ie,3.0
2004-01-01,ie,2.2
2004-02-01,ie,2.2
2004-03-01,ie,1.8
2004-04-01,ie,1.7
2004-05-01,ie,2.1
2004-06-01,ie,2.5
2004-07-01,ie,2.5
2004-08-01,ie,2.5
2004-09-01,ie,2.4
2004-10-01,ie,2.5
2004-11-01,ie,2.7
2004-12-01,ie,2.4
2005-01-01,ie,2.1
2005-02-01,ie,2.0
2005-03-01,ie,1.9
2005-04-01,ie,2.1
2005-05-01,ie,2.1
2005-06-01,ie,2.0
2005-07-01,ie,2.2
2005-08-01,ie,2.1
2005-09-01,ie,2.8
2005-10-01,ie,2.7
2005-11-01,ie,2.2
2005-12-01,ie,1.9
2006-01-01,ie,2.3
2006-02-01,ie,2.7
2006-03-01,ie,2.8
2006-04-01,ie,2.8
2006-05-01,ie,3.1
2006-06-01,ie,2.8
2006-07-01,ie,3.0
2006-08-01,ie,3.1
2006-09-01,ie,2.2
2006-10-01,ie,2.2
2006-11-01,ie,2.4
2006-12-01,ie,3.0
2007-01-01,ie,3.0
2007-02-01,ie,2.7
2007-03-01,ie,3.0
2007-04-01,ie,2.9
2007-05-01,ie,2.7
2007-06-01,ie,2.8
2007-07-01,ie,2.7
2007-08-01,ie,2.4
2007-09-01,ie,2.9
2007-10-01,ie,3.0
2007-11-01,ie,3.5
2007-12-01,ie,3.2
2008-01-01,ie,3.1
2008-02-01,ie,3.4
2008-03-01,ie,3.8
2008-04-01,ie,3.4
2008-05-01,ie,3.7
2008-06-01,ie,3.9
2008-07-01,ie,3.5
2008-08-01,ie,3.2
2008-09-01,ie,3.2
2008-10-01,ie,2.8
2008-11-01,ie,2.1
2008-12-01,ie,1.3
2009-01-01,ie,1.2
2009-02-01,ie,0.1
2009-03-01,ie,-0.8
2009-04-01,ie,-0.8
2009-05-01,ie,-1.7
2009-06-01,ie,-2.1
2009-07-01,ie,-2.5
2009-08-01,ie,-2.4
2009-09-01,ie,-2.9
2009-10-01,ie,-2.9
2009-11-01,ie,-2.8
2009-12-01,ie,-2.6
2010-01-01,ie,-2.5
2010-02-01,ie,-2.4
2010-03-01,ie,-2.4
2010-04-01,ie,-2.4
2010-05-01,ie,-1.9
2010-06-01,ie,-2.0
2010-07-01,ie,-1.2
2010-08-01,ie,-1.2
2010-09-01,ie,-1.1
2010-10-01,ie,-0.7
2010-11-01,ie,-0.9
2010-12-01,ie,-0.2
2011-01-01,ie,0.3
2011-02-01,ie,0.9
2011-03-01,ie,1.2
2011-04-01,ie,1.5
2011-05-01,ie,1.2
2011-06-01,ie,1.1
2011-07-01,ie,1.0
2011-08-01,ie,1.0
2011-09-01,ie,1.4
2011-10-01,ie,1.6
2011-11-01,ie,1.8
2011-12-01,ie,1.5
2012-01-01,ie,1.2
2012-02-01,ie,1.5
2012-03-01,ie,2.2
2012-04-01,ie,1.8
2012-05-01,ie,1.8
2012-06-01,ie,1.8
2012-07-01,ie,2.0
2012-08-01,ie,2.6
2012-09-01,ie,2.5
2012-10-01,ie,2.0
2012-11-01,ie,1.5
2012-12-01,ie,1.7
2013-01-01,ie,1.5
2013-02-01,ie,1.2
2013-03-01,ie,0.6
2013-04-01,ie,0.5
2013-05-01,ie,0.4
2013-06-01,ie,0.7
2013-07-01,ie,0.8
2013-08-01,ie,0.1
2013-09-01,ie,0.0
2013-10-01,ie,-0.1
2013-11-01,ie,0.3
2013-12-01,ie,0.3
2014-01-01,ie,0.3
2014-02-01,ie,0.1
2014-03-01,ie,0.2
2014-04-01,ie,0.3
2014-05-01,ie,0.4
2014-06-01,ie,0.5
2014-07-01,ie,0.4
2014-08-01,ie,0.6
2014-09-01,ie,0.5
2014-10-01,ie,0.4
2014-11-01,ie,0.2
2014-12-01,ie,-0.3
2015-01-01,ie,-0.4
2015-02-01,ie,-0.4
2015-03-01,ie,-0.2
2015-04-01,ie,-0.3
2015-05-01,ie,0.2
2015-06-01,ie,0.4
2015-07-01,ie,0.2
2015-08-01,ie,0.2
2015-09-01,ie,-0.1
2015-10-01,ie,-0.1
2015-11-01,ie,-0.1
2015-12-01,ie,0.2
2016-01-01,ie,0.0
2016-02-01,ie,-0.2
2016-03-01,ie,-0.6
2016-04-01,ie,-0.2
2016-05-01,ie,-0.2
2016-06-01,ie,0.1
2016-07-01,ie,0.1
2016-08-01,ie,-0.4
2016-09-01,ie,-0.3
2016-10-01,ie,-0.4
2016-11-01,ie,-0.2
2016-12-01,ie,-0.2
2017-01-01,ie,0.2
2017-02-01,ie,0.3
2017-03-01,ie,0.6
2017-04-01,ie,0.7
2017-05-01,ie,0.0
2017-06-01,ie,-0.6
2017-07-01,ie,-0.2
2017-08-01,ie,0.4
2017-09-01,ie,0.2
2017-10-01,ie,0.5
2017-11-01,ie,0.5
2017-12-01,ie,0.5
2018-01-01,ie,0.3
2018-02-01,ie,0.7
2018-03-01,ie,0.5
2018-04-01,ie,-0.1
2018-05-01,ie,0.7
2018-06-01,ie,0.7
2018-07-01,ie,1.0
2018-08-01,ie,0.9
2018-09-01,ie,1.2
2018-10-01,ie,1.1
2018-11-01,ie,0.8
2018-12-01,ie,0.8
2019-01-01,ie,0.8
2019-02-01,ie,0.7
2019-03-01,ie,1.1
2019-04-01,ie,1.7
2019-05-01,ie,1.0
2019-06-01,ie,1.1
2019-07-01,ie,0.5
2019-08-01,ie,0.6
2019-09-01,ie,0.6
2019-10-01,ie,0.6
2019-11-01,ie,0.8
2019-12-01,ie,1.1
2020-01-01,ie,1.1
2020-02-01,ie,0.9
2020-03-01,ie,0.5
2020-04-01,ie,-0.3
2020-05-01,ie,-0.8
2020-06-01,ie,-0.6
2020-07-01,ie,-0.6
2020-08-01,ie,-1.1
2020-09-01,ie,-1.2
2020-10-01,ie,-1.5
2020-11-01,ie,-1.0
2020-12-01,ie,-1.0
2021-01-01,ie,-0.1
2021-02-01,ie,-0.4
2021-03-01,ie,0.1
2021-04-01,ie,1.1
2021-05-01,ie,1.9
2021-06-01,ie,1.6
2021-07-01,ie,2.2
2021-08-01,ie,3.0
2021-09-01,ie,3.8
2021-10-01,ie,5.1
2021-11-01,ie,5.4
2021-12-01,ie,5.7
2022-01-01,ie,5.0
2022-02-01,ie,5.7
2022-03-01,ie,6.9
2022-04-01,ie,7.3
2022-05-01,ie,8.3
2022-06-01,ie,9.6
2022-07-01,ie,9.6
2022-08-01,ie,9.0
2022-09-01,ie,8.6
2022-10-01,ie,9.4
2022-11-01,ie,9.0
2022-12-01,ie,8.2
2023-01-01,ie,7.5
2023-02-01,ie,8.1
2023-03-01,ie,7.0
2023-04-01,ie,6.3
2023-05-01,ie,5.4
2023-06-01,ie,4.8
2023-07-01,ie,4.6
2023-08-01,ie,4.9
2023-09-01,ie,5.0
2023-10-01,ie,3.6
2023-11-01,ie,2.5
2023-12-01,ie,3.2
2024-01-01,ie,2.7
2024-02-01,ie,2.3
2024-03-01,ie,1.7
2024-04-01,ie,1.6
2024-05-01,ie,2.0
2024-06-01,ie,1.5
2024-07-01,ie,1.5
2024-08-01,ie,1.1
2024-09-01,ie,0.0
2024-10-01,ie,0.1
2024-11-01,ie,0.5
2024-12-01,ie,1.0
2025-01-01,ie,1.7
2025-02-01,ie,1.4
2025-03-01,ie,1.8
2025-04-01,ie,2.0
2025-05-01,ie,1.4
2025-06-01,ie,1.6
2025-07-01,ie,1.6
2025-08-01,ie,1.9
2025-09-01,ie,2.7
2025-10-01,ie,2.8
2025-11-01,ie,3.1
2025-12-01,ie,2.7
2000-01-01,it,2.2
2000-02-01,it,2.4
2000-03-01,it,2.5
2000-04-01,it,2.4
2000-05-01,it,2.5
2000-06-01,it,2.8
2000-07-01,it,2.8
2000-08-01,it,2.8
2000-09-01,it,2.8
2000-10-01,it,2.7
2000-11-01,it,2.9
2000-12-01,it,2.7
2001-01-01,it,2.5
2001-02-01,it,1.5
2001-03-01,it,2.2
2001-04-01,it,3.0
2001-05-01,it,2.8
2001-06-01,it,2.8
2001-07-01,it,2.3
2001-08-01,it,2.0
2001-09-01,it,2.0
2001-10-01,it,2.3
2001-11-01,it,2.3
2001-12-01,it,2.3
2002-01-01,it,2.3
2002-02-01,it,2.5
2002-03-01,it,2.5
2002-04-01,it,2.5
2002-05-01,it,2.5
2002-06-01,it,2.4
2002-07-01,it,2.5
2002-08-01,it,2.5
2002-09-01,it,2.9
2002-10-01,it,2.9
2002-11-01,it,2.9
2002-12-01,it,3.0
2003-01-01,it,2.9
2003-02-01,it,2.6
2003-03-01,it,3.0
2003-04-01,it,3.0
2003-05-01,it,2.8
2003-06-01,it,2.8
2003-07-01,it,2.8
2003-08-01,it,2.8
2003-09-01,it,2.9
2003-10-01,it,2.8
2003-11-01,it,2.8
2003-12-01,it,2.5
2004-01-01,it,2.2
2004-02-01,it,2.4
2004-03-01,it,2.3
2004-04-01,it,2.4
2004-05-01,it,2.4
2004-06-01,it,2.4
2004-07-01,it,2.2
2004-08-01,it,2.4
2004-09-01,it,2.1
2004-10-01,it,2.1
2004-11-01,it,2.0
2004-12-01,it,2.3
2005-01-01,it,2.0
2005-02-01,it,2.1
2005-03-01,it,2.2
2005-04-01,it,2.1
2005-05-01,it,2.3
2005-06-01,it,2.2
2005-07-01,it,2.2
2005-08-01,it,2.2
2005-09-01,it,2.2
2005-10-01,it,2.5
2005-11-01,it,2.4
2005-12-01,it,2.0
2006-01-01,it,2.2
2006-02-01,it,2.2
2006-03-01,it,2.2
2006-04-01,it,2.4
2006-05-01,it,2.3
2006-06-01,it,2.4
2006-07-01,it,2.4
2006-08-01,it,2.3
2006-09-01,it,2.5
2006-10-01,it,1.9
2006-11-01,it,2.0
2006-12-01,it,2.1
2007-01-01,it,1.9
2007-02-01,it,2.1
2007-03-01,it,2.0
2007-04-01,it,1.8
2007-05-01,it,1.9
2007-06-01,it,2.0
2007-07-01,it,1.6
2007-08-01,it,1.6
2007-09-01,it,1.7
2007-10-01,it,2.3
2007-11-01,it,2.5
2007-12-01,it,2.8
2008-01-01,it,3.2
2008-02-01,it,3.0
2008-03-01,it,3.6
2008-04-01,it,3.4
2008-05-01,it,3.8
2008-06-01,it,4.0
2008-07-01,it,4.0
2008-08-01,it,4.3
2008-09-01,it,3.9
2008-10-01,it,3.6
2008-11-01,it,2.8
2008-12-01,it,2.4
2009-01-01,it,1.4
2009-02-01,it,1.6
2009-03-01,it,1.1
2009-04-01,it,1.2
2009-05-01,it,0.8
2009-06-01,it,0.5
2009-07-01,it,-0.1
2009-08-01,it,0.1
2009-09-01,it,0.3
2009-10-01,it,0.3
2009-11-01,it,0.9
2009-12-01,it,1.1
2010-01-01,it,1.3
2010-02-01,it,1.0
2010-03-01,it,1.4
2010-04-01,it,1.8
2010-05-01,it,1.5
2010-06-01,it,1.4
2010-07-01,it,1.8
2010-08-01,it,1.7
2010-09-01,it,1.6
2010-10-01,it,2.0
2010-11-01,it,1.8
2010-12-01,it,2.1
2011-01-01,it,2.0
2011-02-01,it,2.2
2011-03-01,it,2.8
2011-04-01,it,2.9
2011-05-01,it,3.0
2011-06-01,it,3.0
2011-07-01,it,2.1
2011-08-01,it,2.3
2011-09-01,it,3.7
2011-10-01,it,3.7
2011-11-01,it,3.7
2011-12-01,it,3.7
2012-01-01,it,3.4
2012-02-01,it,3.5
2012-03-01,it,3.8
2012-04-01,it,3.7
2012-05-01,it,3.6
2012-06-01,it,3.7
2012-07-01,it,3.6
2012-08-01,it,3.4
2012-09-01,it,3.4
2012-10-01,it,2.8
2012-11-01,it,2.6
2012-12-01,it,2.6
2013-01-01,it,2.4
2013-02-01,it,2.0
2013-03-01,it,1.8
2013-04-01,it,1.2
2013-05-01,it,1.2
2013-06-01,it,1.2
2013-07-01,it,1.2
2013-08-01,it,1.1
2013-09-01,it,0.9
2013-10-01,it,0.7
2013-11-01,it,0.6
2013-12-01,it,0.6
2014-01-01,it,0.6
2014-02-01,it,0.4
2014-03-01,it,0.3
2014-04-01,it,0.5
2014-05-01,it,0.4
2014-06-01,it,0.3
2014-07-01,it,0.0
2014-08-01,it,-0.1
2014-09-01,it,-0.1
2014-10-01,it,0.2
2014-11-01,it,0.3
2014-12-01,it,0.0
2015-01-01,it,-0.5
2015-02-01,it,0.1
2015-03-01,it,0.0
2015-04-01,it,-0.1
2015-05-01,it,0.2
2015-06-01,it,0.2
2015-07-01,it,0.4
2015-08-01,it,0.3
2015-09-01,it,0.2
2015-10-01,it,0.3
2015-11-01,it,0.1
2015-12-01,it,0.1
2016-01-01,it,0.4
2016-02-01,it,-0.2
2016-03-01,it,-0.2
2016-04-01,it,-0.4
2016-05-01,it,-0.3
2016-06-01,it,-0.2
2016-07-01,it,-0.2
2016-08-01,it,-0.1
2016-09-01,it,0.1
2016-10-01,it,-0.1
2016-11-01,it,0.1
2016-12-01,it,0.5
2017-01-01,it,1.0
2017-02-01,it,1.6
2017-03-01,it,1.4
2017-04-01,it,2.0
2017-05-01,it,1.6
2017-06-01,it,1.2
2017-07-01,it,1.2
2017-08-01,it,1.4
2017-09-01,it,1.3
2017-10-01,it,1.1
2017-11-01,it,1.1
2017-12-01,it,1.0
2018-01-01,it,1.2
2018-02-01,it,0.5
2018-03-01,it,0.9
2018-04-01,it,0.6
2018-05-01,it,1.0
2018-06-01,it,1.4
2018-07-01,it,1.9
2018-08-01,it,1.6
2018-09-01,it,1.5
2018-10-01,it,1.7
2018-11-01,it,1.6
2018-12-01,it,1.2
2019-01-01,it,0.9
2019-02-01,it,1.1
2019-03-01,it,1.1
2019-04-01,it,1.1
2019-05-01,it,0.9
2019-06-01,it,0.8
2019-07-01,it,0.3
2019-08-01,it,0.5
2019-09-01,it,0.2
2019-10-01,it,0.2
2019-11-01,it,0.2
2019-12-01,it,0.5
2020-01-01,it,0.4
2020-02-01,it,0.2
2020-03-01,it,0.1
2020-04-01,it,0.1
2020-05-01,it,-0.3
2020-06-01,it,-0.4
2020-07-01,it,0.8
2020-08-01,it,-0.5
2020-09-01,it,-1.0
2020-10-01,it,-0.6
2020-11-01,it,-0.3
2020-12-01,it,-0.3
2021-01-01,it,0.7
2021-02-01,it,1.0
2021-03-01,it,0.6
2021-04-01,it,1.0
2021-05-01,it,1.2
2021-06-01,it,1.3
2021-07-01,it,1.0
2021-08-01,it,2.5
2021-09-01,it,2.9
2021-10-01,it,3.2
2021-11-01,it,3.9
2021-12-01,it,4.2
2022-01-01,it,5.1
2022-02-01,it,6.2
2022-03-01,it,6.8
2022-04-01,it,6.3
2022-05-01,it,7.3
2022-06-01,it,8.5
2022-07-01,it,8.4
2022-08-01,it,9.1
2022-09-01,it,9.4
2022-10-01,it,12.6
2022-11-01,it,12.6
2022-12-01,it,12.3
2023-01-01,it,10.7
2023-02-01,it,9.8
2023-03-01,it,8.1
2023-04-01,it,8.6
2023-05-01,it,8.0
2023-06-01,it,6.7
2023-07-01,it,6.3
2023-08-01,it,5.5
2023-09-01,it,5.6
2023-10-01,it,1.8
2023-11-01,it,0.6
2023-12-01,it,0.5
2024-01-01,it,0.9
2024-02-01,it,0.8
2024-03-01,it,1.2
2024-04-01,it,0.9
2024-05-01,it,0.8
2024-06-01,it,0.9
2024-07-01,it,1.6
2024-08-01,it,1.2
2024-09-01,it,0.7
2024-10-01,it,1.0
2024-11-01,it,1.5
2024-12-01,it,1.4
2025-01-01,it,1.7
2025-02-01,it,1.7
2025-03-01,it,2.1
2025-04-01,it,2.0
2025-05-01,it,1.7
2025-06-01,it,1.8
2025-07-01,it,1.7
2025-08-01,it,1.6
2025-09-01,it,1.8
2025-10-01,it,1.3
2025-11-01,it,1.1
2025-12-01,it,1.2
2000-01-01,nl,1.6
2000-02-01,nl,1.5
2000-03-01,nl,1.6
2000-04-01,nl,1.7
2000-05-01,nl,2.0
2000-06-01,nl,2.5
2000-07-01,nl,2.8
2000-08-01,nl,2.5
2000-09-01,nl,2.9
2000-10-01,nl,3.2
2000-11-01,nl,2.9
2000-12-01,nl,2.9
2001-01-01,nl,4.6
2001-02-01,nl,5.0
2001-03-01,nl,5.0
2001-04-01,nl,5.4
2001-05-01,nl,5.5
2001-06-01,nl,5.1
2001-07-01,nl,5.3
2001-08-01,nl,5.2
2001-09-01,nl,5.3
2001-10-01,nl,5.0
2001-11-01,nl,4.8
2001-12-01,nl,5.1
2002-01-01,nl,4.9
2002-02-01,nl,4.5
2002-03-01,nl,4.4
2002-04-01,nl,4.2
2002-05-01,nl,3.8
2002-06-01,nl,3.8
2002-07-01,nl,3.7
2002-08-01,nl,3.7
2002-09-01,nl,3.6
2002-10-01,nl,3.4
2002-11-01,nl,3.3
2002-12-01,nl,3.2
2003-01-01,nl,2.7
2003-02-01,nl,2.9
2003-03-01,nl,2.7
2003-04-01,nl,2.2
2003-05-01,nl,2.2
2003-06-01,nl,2.1
2003-07-01,nl,2.1
2003-08-01,nl,2.2
2003-09-01,nl,2.0
2003-10-01,nl,1.9
2003-11-01,nl,2.0
2003-12-01,nl,1.6
2004-01-01,nl,1.5
2004-02-01,nl,1.4
2004-03-01,nl,1.3
2004-04-01,nl,1.5
2004-05-01,nl,1.7
2004-06-01,nl,1.5
2004-07-01,nl,1.2
2004-08-01,nl,1.2
2004-09-01,nl,1.2
2004-10-01,nl,1.5
2004-11-01,nl,1.5
2004-12-01,nl,1.3
2005-01-01,nl,1.3
2005-02-01,nl,1.5
2005-03-01,nl,1.5
2005-04-01,nl,1.3
2005-05-01,nl,1.0
2005-06-01,nl,1.4
2005-07-01,nl,1.5
2005-08-01,nl,1.7
2005-09-01,nl,1.7
2005-10-01,nl,1.5
2005-11-01,nl,1.6
2005-12-01,nl,2.0
2006-01-01,nl,1.7
2006-02-01,nl,1.5
2006-03-01,nl,1.4
2006-04-01,nl,1.8
2006-05-01,nl,1.8
2006-06-01,nl,1.8
2006-07-01,nl,1.8
2006-08-01,nl,1.9
2006-09-01,nl,1.5
2006-10-01,nl,1.4
2006-11-01,nl,1.6
2006-12-01,nl,1.7
2007-01-01,nl,1.2
2007-02-01,nl,1.4
2007-03-01,nl,1.9
2007-04-01,nl,1.9
2007-05-01,nl,2.0
2007-06-01,nl,1.8
2007-07-01,nl,1.4
2007-08-01,nl,1.1
2007-09-01,nl,1.3
2007-10-01,nl,1.6
2007-11-01,nl,1.8
2007-12-01,nl,1.6
2008-01-01,nl,1.8
2008-02-01,nl,2.0
2008-03-01,nl,1.9
2008-04-01,nl,1.7
2008-05-01,nl,2.1
2008-06-01,nl,2.3
2008-07-01,nl,3.0
2008-08-01,nl,3.0
2008-09-01,nl,2.8
2008-10-01,nl,2.5
2008-11-01,nl,1.9
2008-12-01,nl,1.7
2009-01-01,nl,1.7
2009-02-01,nl,1.9
2009-03-01,nl,1.8
2009-04-01,nl,1.8
2009-05-01,nl,1.5
2009-06-01,nl,1.4
2009-07-01,nl,-0.1
2009-08-01,nl,-0.1
2009-09-01,nl,0.0
2009-10-01,nl,0.4
2009-11-01,nl,0.7
2009-12-01,nl,0.7
2010-01-01,nl,0.4
2010-02-01,nl,0.4
2010-03-01,nl,0.7
2010-04-01,nl,0.7
2010-05-01,nl,0.4
2010-06-01,nl,0.2
2010-07-01,nl,1.3
2010-08-01,nl,1.2
2010-09-01,nl,1.4
2010-10-01,nl,1.4
2010-11-01,nl,1.4
2010-12-01,nl,1.8
2011-01-01,nl,1.9
2011-02-01,nl,2.0
2011-03-01,nl,1.8
2011-04-01,nl,2.1
2011-05-01,nl,2.3
2011-06-01,nl,2.3
2011-07-01,nl,3.2
2011-08-01,nl,3.2
2011-09-01,nl,3.0
2011-10-01,nl,2.8
2011-11-01,nl,2.6
2011-12-01,nl,2.5
2012-01-01,nl,2.9
2012-02-01,nl,2.9
2012-03-01,nl,2.9
2012-04-01,nl,2.8
2012-05-01,nl,2.5
2012-06-01,nl,2.5
2012-07-01,nl,2.6
2012-08-01,nl,2.6
2012-09-01,nl,2.5
2012-10-01,nl,3.3
2012-11-01,nl,3.2
2012-12-01,nl,3.4
2013-01-01,nl,3.2
2013-02-01,nl,3.2
2013-03-01,nl,3.2
2013-04-01,nl,2.8
2013-05-01,nl,3.1
2013-06-01,nl,3.2
2013-07-01,nl,3.1
2013-08-01,nl,2.8
2013-09-01,nl,2.4
2013-10-01,nl,1.3
2013-11-01,nl,1.2
2013-12-01,nl,1.4
2014-01-01,nl,0.8
2014-02-01,nl,0.4
2014-03-01,nl,0.1
2014-04-01,nl,0.6
2014-05-01,nl,0.1
2014-06-01,nl,0.3
2014-07-01,nl,0.3
2014-08-01,nl,0.4
2014-09-01,nl,0.3
2014-10-01,nl,0.4
2014-11-01,nl,0.3
2014-12-01,nl,-0.1
2015-01-01,nl,-0.7
2015-02-01,nl,-0.5
2015-03-01,nl,-0.3
2015-04-01,nl,0.0
2015-05-01,nl,0.7
2015-06-01,nl,0.5
2015-07-01,nl,0.8
2015-08-01,nl,0.4
2015-09-01,nl,0.3
2015-10-01,nl,0.4
2015-11-01,nl,0.4
2015-12-01,nl,0.5
2016-01-01,nl,0.2
2016-02-01,nl,0.3
2016-03-01,nl,0.5
2016-04-01,nl,-0.2
2016-05-01,nl,-0.2
2016-06-01,nl,-0.2
2016-07-01,nl,-0.6
2016-08-01,nl,0.1
2016-09-01,nl,-0.1
2016-10-01,nl,0.3
2016-11-01,nl,0.4
2016-12-01,nl,0.7
2017-01-01,nl,1.6
2017-02-01,nl,1.7
2017-03-01,nl,0.6
2017-04-01,nl,1.4
2017-05-01,nl,0.7
2017-06-01,nl,1.0
2017-07-01,nl,1.5
2017-08-01,nl,1.5
2017-09-01,nl,1.4
2017-10-01,nl,1.3
2017-11-01,nl,1.5
2017-12-01,nl,1.2
2018-01-01,nl,1.5
2018-02-01,nl,1.3
2018-03-01,nl,1.0
2018-04-01,nl,1.0
2018-05-01,nl,1.9
2018-06-01,nl,1.7
2018-07-01,nl,1.9
2018-08-01,nl,1.9
2018-09-01,nl,1.6
2018-10-01,nl,1.9
2018-11-01,nl,1.8
2018-12-01,nl,1.8
2019-01-01,nl,2.0
2019-02-01,nl,2.6
2019-03-01,nl,2.9
2019-04-01,nl,3.0
2019-05-01,nl,2.3
2019-06-01,nl,2.7
2019-07-01,nl,2.6
2019-08-01,nl,3.1
2019-09-01,nl,2.7
2019-10-01,nl,2.8
2019-11-01,nl,2.6
2019-12-01,nl,2.8
2020-01-01,nl,1.7
2020-02-01,nl,1.3
2020-03-01,nl,1.1
2020-04-01,nl,1.0
2020-05-01,nl,1.1
2020-06-01,nl,1.7
2020-07-01,nl,1.6
2020-08-01,nl,0.3
2020-09-01,nl,1.0
2020-10-01,nl,1.2
2020-11-01,nl,0.7
2020-12-01,nl,0.9
2021-01-01,nl,1.6
2021-02-01,nl,1.9
2021-03-01,nl,1.9
2021-04-01,nl,1.7
2021-05-01,nl,2.0
2021-06-01,nl,1.7
2021-07-01,nl,1.4
2021-08-01,nl,2.7
2021-09-01,nl,3.0
2021-10-01,nl,3.7
2021-11-01,nl,5.9
2021-12-01,nl,6.4
2022-01-01,nl,7.6
2022-02-01,nl,7.3
2022-03-01,nl,11.7
2022-04-01,nl,11.2
2022-05-01,nl,10.2
2022-06-01,nl,9.9
2022-07-01,nl,11.6
2022-08-01,nl,13.7
2022-09-01,nl,17.1
2022-10-01,nl,16.8
2022-11-01,nl,11.3
2022-12-01,nl,11.0
2023-01-01,nl,8.4
2023-02-01,nl,8.9
2023-03-01,nl,4.5
2023-04-01,nl,5.8
2023-05-01,nl,6.8
2023-06-01,nl,6.4
2023-07-01,nl,5.3
2023-08-01,nl,3.4
2023-09-01,nl,-0.3
2023-10-01,nl,-1.0
2023-11-01,nl,1.4
2023-12-01,nl,1.0
2024-01-01,nl,3.1
2024-02-01,nl,2.7
2024-03-01,nl,3.1
2024-04-01,nl,2.6
2024-05-01,nl,2.7
2024-06-01,nl,3.4
2024-07-01,nl,3.5
2024-08-01,nl,3.3
2024-09-01,nl,3.3
2024-10-01,nl,3.3
2024-11-01,nl,3.8
2024-12-01,nl,3.9
2025-01-01,nl,3.0
2025-02-01,nl,3.5
2025-03-01,nl,3.4
2025-04-01,nl,4.1
2025-05-01,nl,2.9
2025-06-01,nl,2.8
2025-07-01,nl,2.5
2025-08-01,nl,2.4
2025-09-01,nl,3.0
2025-10-01,nl,3.0
2025-11-01,nl,2.6
2025-12-01,nl,2.5
2000-01-01,pt,1.9
2000-02-01,pt,1.6
2000-03-01,pt,1.4
2000-04-01,pt,1.9
2000-05-01,pt,2.4
2000-06-01,pt,2.8
2000-07-01,pt,3.3
2000-08-01,pt,3.6
2000-09-01,pt,3.6
2000-10-01,pt,3.7
2000-11-01,pt,3.6
2000-12-01,pt,3.8
2001-01-01,pt,4.4
2001-02-01,pt,4.8
2001-03-01,pt,5.1
2001-04-01,pt,4.6
2001-05-01,pt,4.9
2001-06-01,pt,4.6
2001-07-01,pt,4.3
2001-08-01,pt,4.0
2001-09-01,pt,4.1
2001-10-01,pt,4.2
2001-11-01,pt,4.1
2001-12-01,pt,3.9
2002-01-01,pt,3.7
2002-02-01,pt,3.3
2002-03-01,pt,3.4
2002-04-01,pt,3.6
2002-05-01,pt,3.4
2002-06-01,pt,3.5
2002-07-01,pt,3.5
2002-08-01,pt,3.9
2002-09-01,pt,3.9
2002-10-01,pt,4.1
2002-11-01,pt,4.1
2002-12-01,pt,4.0
2003-01-01,pt,4.0
2003-02-01,pt,4.1
2003-03-01,pt,3.7
2003-04-01,pt,3.7
2003-05-01,pt,3.6
2003-06-01,pt,3.3
2003-07-01,pt,2.9
2003-08-01,pt,2.9
2003-09-01,pt,3.1
2003-10-01,pt,2.8
2003-11-01,pt,2.3
2003-12-01,pt,2.3
2004-01-01,pt,2.2
2004-02-01,pt,2.1
2004-03-01,pt,2.3
2004-04-01,pt,2.4
2004-05-01,pt,2.5
2004-06-01,pt,3.6
2004-07-01,pt,3.0
2004-08-01,pt,2.4
2004-09-01,pt,2.1
2004-10-01,pt,2.3
2004-11-01,pt,2.6
2004-12-01,pt,2.6
2005-01-01,pt,2.0
2005-02-01,pt,2.1
2005-03-01,pt,2.2
2005-04-01,pt,2.0
2005-05-01,pt,1.7
2005-06-01,pt,0.7
2005-07-01,pt,1.9
2005-08-01,pt,2.5
2005-09-01,pt,2.7
2005-10-01,pt,2.6
2005-11-01,pt,2.5
2005-12-01,pt,2.5
2006-01-01,pt,2.7
2006-02-01,pt,3.0
2006-03-01,pt,3.8
2006-04-01,pt,3.7
2006-05-01,pt,3.6
2006-06-01,pt,3.5
2006-07-01,pt,3.0
2006-08-01,pt,2.7
2006-09-01,pt,3.0
2006-10-01,pt,2.6
2006-11-01,pt,2.4
2006-12-01,pt,2.5
2007-01-01,pt,2.6
2007-02-01,pt,2.3
2007-03-01,pt,2.4
2007-04-01,pt,2.8
2007-05-01,pt,2.4
2007-06-01,pt,2.4
2007-07-01,pt,2.3
2007-08-01,pt,1.9
2007-09-01,pt,2.0
2007-10-01,pt,2.5
2007-11-01,pt,2.8
2007-12-01,pt,2.7
2008-01-01,pt,2.9
2008-02-01,pt,2.9
2008-03-01,pt,3.2
2008-04-01,pt,2.5
2008-05-01,pt,2.8
2008-06-01,pt,3.4
2008-07-01,pt,3.1
2008-08-01,pt,3.1
2008-09-01,pt,3.2
2008-10-01,pt,2.5
2008-11-01,pt,1.4
2008-12-01,pt,0.8
2009-01-01,pt,0.1
2009-02-01,pt,0.1
2009-03-01,pt,-0.6
2009-04-01,pt,-0.5
2009-05-01,pt,-1.3
2009-06-01,pt,-1.6
2009-07-01,pt,-1.5
2009-08-01,pt,-1.2
2009-09-01,pt,-1.8
2009-10-01,pt,-1.6
2009-11-01,pt,-0.8
2009-12-01,pt,-0.1
2010-01-01,pt,0.1
2010-02-01,pt,0.2
2010-03-01,pt,0.6
2010-04-01,pt,0.7
2010-05-01,pt,1.1
2010-06-01,pt,1.1
2010-07-01,pt,1.9
2010-08-01,pt,2.0
2010-09-01,pt,2.0
2010-10-01,pt,2.3
2010-11-01,pt,2.2
2010-12-01,pt,2.4
2011-01-01,pt,3.6
2011-02-01,pt,3.5
2011-03-01,pt,3.9
2011-04-01,pt,4.0
2011-05-01,pt,3.7
2011-06-01,pt,3.3
2011-07-01,pt,3.0
2011-08-01,pt,2.8
2011-09-01,pt,3.5
2011-10-01,pt,4.0
2011-11-01,pt,3.8
2011-12-01,pt,3.5
2012-01-01,pt,3.3
2012-02-01,pt,3.5
2012-03-01,pt,3.1
2012-04-01,pt,2.9
2012-05-01,pt,2.7
2012-06-01,pt,2.7
2012-07-01,pt,2.8
2012-08-01,pt,3.1
2012-09-01,pt,2.9
2012-10-01,pt,2.1
2012-11-01,pt,1.9
2012-12-01,pt,2.1
2013-01-01,pt,0.4
2013-02-01,pt,0.2
2013-03-01,pt,0.7
2013-04-01,pt,0.4
2013-05-01,pt,0.9
2013-06-01,pt,1.2
2013-07-01,pt,0.8
2013-08-01,pt,0.2
2013-09-01,pt,0.3
2013-10-01,pt,0.0
2013-11-01,pt,0.1
2013-12-01,pt,0.2
2014-01-01,pt,0.1
2014-02-01,pt,-0.1
2014-03-01,pt,-0.4
2014-04-01,pt,-0.1
2014-05-01,pt,-0.3
2014-06-01,pt,-0.2
2014-07-01,pt,-0.7
2014-08-01,pt,-0.1
2014-09-01,pt,0.0
2014-10-01,pt,0.1
2014-11-01,pt,0.1
2014-12-01,pt,-0.3
2015-01-01,pt,-0.4
2015-02-01,pt,-0.1
2015-03-01,pt,0.4
2015-04-01,pt,0.5
2015-05-01,pt,1.0
2015-06-01,pt,0.8
2015-07-01,pt,0.7
2015-08-01,pt,0.7
2015-09-01,pt,0.9
2015-10-01,pt,0.7
2015-11-01,pt,0.6
2015-12-01,pt,0.3
2016-01-01,pt,0.7
2016-02-01,pt,0.2
2016-03-01,pt,0.5
2016-04-01,pt,0.5
2016-05-01,pt,0.4
2016-06-01,pt,0.7
2016-07-01,pt,0.7
2016-08-01,pt,0.8
2016-09-01,pt,0.7
2016-10-01,pt,1.1
2016-11-01,pt,0.5
2016-12-01,pt,0.9
2017-01-01,pt,1.3
2017-02-01,pt,1.6
2017-03-01,pt,1.4
2017-04-01,pt,2.4
2017-05-01,pt,1.7
2017-06-01,pt,1.0
2017-07-01,pt,1.0
2017-08-01,pt,1.3
2017-09-01,pt,1.6
2017-10-01,pt,1.9
2017-11-01,pt,1.8
2017-12-01,pt,1.6
2018-01-01,pt,1.1
2018-02-01,pt,0.7
2018-03-01,pt,0.8
2018-04-01,pt,0.3
2018-05-01,pt,1.4
2018-06-01,pt,2.0
2018-07-01,pt,2.2
2018-08-01,pt,1.3
2018-09-01,pt,1.8
2018-10-01,pt,0.8
2018-11-01,pt,0.9
2018-12-01,pt,0.6
2019-01-01,pt,0.6
2019-02-01,pt,0.9
2019-03-01,pt,0.8
2019-04-01,pt,0.9
2019-05-01,pt,0.3
2019-06-01,pt,0.7
2019-07-01,pt,-0.7
2019-08-01,pt,-0.1
2019-09-01,pt,-0.3
2019-10-01,pt,-0.1
2019-11-01,pt,0.2
2019-12-01,pt,0.4
2020-01-01,pt,0.8
2020-02-01,pt,0.5
2020-03-01,pt,0.1
2020-04-01,pt,-0.1
2020-05-01,pt,-0.6
2020-06-01,pt,0.2
2020-07-01,pt,-0.1
2020-08-01,pt,-0.2
2020-09-01,pt,-0.8
2020-10-01,pt,-0.6
2020-11-01,pt,-0.4
2020-12-01,pt,-0.3
2021-01-01,pt,0.2
2021-02-01,pt,0.3
2021-03-01,pt,0.1
2021-04-01,pt,-0.1
2021-05-01,pt,0.5
2021-06-01,pt,-0.6
2021-07-01,pt,1.1
2021-08-01,pt,1.3
2021-09-01,pt,1.3
2021-10-01,pt,1.8
2021-11-01,pt,2.6
2021-12-01,pt,2.8
2022-01-01,pt,3.4
2022-02-01,pt,4.4
2022-03-01,pt,5.5
2022-04-01,pt,7.4
2022-05-01,pt,8.1
2022-06-01,pt,9.0
2022-07-01,pt,9.4
2022-08-01,pt,9.3
2022-09-01,pt,9.8
2022-10-01,pt,10.6
2022-11-01,pt,10.2
2022-12-01,pt,9.8
2023-01-01,pt,8.6
2023-02-01,pt,8.6
2023-03-01,pt,8.0
2023-04-01,pt,6.9
2023-05-01,pt,5.4
2023-06-01,pt,4.7
2023-07-01,pt,4.3
2023-08-01,pt,5.3
2023-09-01,pt,4.8
2023-10-01,pt,3.2
2023-11-01,pt,2.2
2023-12-01,pt,1.9
2024-01-01,pt,2.5
2024-02-01,pt,2.3
2024-03-01,pt,2.6
2024-04-01,pt,2.3
2024-05-01,pt,3.8
2024-06-01,pt,3.1
2024-07-01,pt,2.7
2024-08-01,pt,1.8
2024-09-01,pt,2.6
2024-10-01,pt,2.6
2024-11-01,pt,2.7
2024-12-01,pt,3.1
2025-01-01,pt,2.7
2025-02-01,pt,2.5
2025-03-01,pt,1.9
2025-04-01,pt,2.1
2025-05-01,pt,1.7
2025-06-01,pt,2.1
2025-07-01,pt,2.5
2025-08-01,pt,2.5
2025-09-01,pt,1.9
2025-10-01,pt,2.0
2025-11-01,pt,2.1
2025-12-01,pt,2.4
